split,seed,year,planting_date,trigger_dryness,amount_mm,max_irrigation_mm,n_irrigation_events,irrigation_mm,yield_kg_ha,reward
valid,42,2017,2017-10-03,110,5.0,20.0,0,0.0,5100.0,1.2142857142857142
valid,42,2018,2018-10-01,103,13.0,95.0,0,0.0,5296.0,1.260952380952381
valid,42,2019,2019-10-13,98,13.0,90.0,0,0.0,5145.0,1.225
valid,42,2020,2020-09-15,121,6.5,20.0,0,0.0,5091.0,1.2121428571428572
test,42,2021,2021-11-15,114,11.5,125.0,0,0.0,4507.0,1.073095238095238
test,42,2022,2022-11-18,111,13.0,125.0,0,0.0,2857.0,0.6802380952380952
test,42,2023,2023-09-20,121,8.5,75.0,0,0.0,4866.0,1.1585714285714286
test,42,2024,2024-09-15,97,25.0,190.0,0,0.0,3670.0,0.8738095238095238
valid,43,2017,2017-10-05,91,17.0,105.0,0,0.0,5070.0,1.207142857142857
valid,43,2018,2018-10-05,81,17.5,120.0,0,0.0,5331.0,1.2692857142857144
valid,43,2019,2019-10-05,83,16.5,120.0,0,0.0,5103.0,1.215
valid,43,2020,2020-09-22,107,20.5,120.0,0,0.0,5091.0,1.2121428571428572
test,43,2021,2021-11-28,92,15.5,125.0,0,0.0,4247.0,1.0111904761904762
test,43,2022,2022-11-28,93,16.0,125.0,0,0.0,2692.0,0.6409523809523809
test,43,2023,2023-10-02,86,15.0,115.0,0,0.0,5485.0,1.305952380952381
test,43,2024,2024-09-24,91,19.5,155.0,1,19.5,4463.0,1.0333690476190476
valid,44,2017,2017-09-28,80,13.5,70.0,0,0.0,5103.0,1.215
valid,44,2018,2018-09-28,84,17.5,110.0,0,0.0,5321.0,1.266904761904762
valid,44,2019,2019-10-05,83,18.0,110.0,0,0.0,5103.0,1.215
valid,44,2020,2020-09-17,95,11.5,100.0,0,0.0,5119.0,1.2188095238095238
test,44,2021,2021-11-25,85,12.0,120.0,0,0.0,4319.0,1.028333333333333
test,44,2022,2022-11-28,88,13.5,140.0,0,0.0,2692.0,0.6409523809523809
test,44,2023,2023-09-18,87,15.5,65.0,0,0.0,4784.0,1.139047619047619
test,44,2024,2024-09-17,105,22.5,175.0,0,0.0,3704.0,0.8819047619047619
valid,45,2017,2017-10-11,93,14.0,90.0,0,0.0,4936.0,1.1752380952380952
valid,45,2018,2018-10-11,89,15.0,105.0,0,0.0,5449.0,1.2973809523809523
valid,45,2019,2019-10-12,90,15.5,100.0,0,0.0,5138.0,1.2233333333333334
valid,45,2020,2020-09-22,104,12.5,110.0,0,0.0,5091.0,1.2121428571428572
test,45,2021,2021-12-01,85,14.0,140.0,0,0.0,4173.0,0.9935714285714284
test,45,2022,2022-12-01,89,14.5,140.0,0,0.0,2581.0,0.6145238095238095
test,45,2023,2023-10-07,89,15.5,100.0,1,15.5,5420.0,1.2672261904761906
test,45,2024,2024-09-18,96,18.0,150.0,0,0.0,3737.0,0.8897619047619048
valid,46,2017,2017-09-30,95,11.5,115.0,0,0.0,5073.0,1.207857142857143
valid,46,2018,2018-09-30,100,14.5,145.0,0,0.0,5249.0,1.2497619047619049
valid,46,2019,2019-10-12,95,13.0,155.0,0,0.0,5138.0,1.2233333333333334
valid,46,2020,2020-10-05,88,13.5,80.0,0,0.0,5060.0,1.2047619047619047
test,46,2021,2021-12-02,86,15.5,130.0,0,0.0,4155.0,0.9892857142857144
test,46,2022,2022-12-03,91,17.0,140.0,0,0.0,2545.0,0.6059523809523809
test,46,2023,2023-10-09,92,12.0,140.0,1,12.0,5407.0,1.2693809523809525
test,46,2024,2024-09-26,85,15.5,155.0,2,31.0,4921.0,1.1251666666666666
