split,seed,reward_mean,yield_mean_kg_ha,irrigation_mean_mm,failed_runs,n
test,42,0.9464285714285714,3975.0,0.0,0,4
test,43,0.9978660714285714,4221.75,4.875,0,4
test,44,0.9225595238095238,3874.75,0.0,0,4
test,45,0.9412708333333333,3977.75,3.875,0,4
test,46,0.9974464285714286,4257.0,10.75,0,4
valid,42,1.2280952380952381,5158.0,0.0,0,4
valid,43,1.2258928571428571,5148.75,0.0,0,4
valid,44,1.2289285714285714,5161.5,0.0,0,4
valid,45,1.2270238095238095,5153.5,0.0,0,4
valid,46,1.2214285714285715,5130.0,0.0,0,4
