min_hours_rain_temp,min_hours_srad,season,rain_sep_apr_mm,tmean_sep_apr_c,srad_sep_apr,ctx_0,ctx_1,ctx_2,ctx_3,ctx_4,ctx_5
18,6,2006,758.7961538461539,19.411367828482454,17.597551637955803,48.4,78.685715,14.4095,14.189619,-0.03,0.54
18,6,2007,380.94564102564107,19.015097528463066,17.963253135215215,11.4,192.14285,14.803944,13.23413,-0.47,-0.35
18,6,2008,1004.1999999999999,18.691534914361004,18.07930991735537,119.22143,272.4368,15.213056,12.432372,-0.61,0.68
18,6,2009,919.4384615384615,19.513722451790635,16.358971074380165,95.2,459.30667,14.404184,11.33431,0.28,0.89
18,6,2010,1270.8000000000002,18.772781157138862,17.097149173553717,23.742308,196.1423,13.088115,12.294031,-0.66,-1.5
18,6,2011,1068.8,18.47582304526749,19.074843621399175,142.2,598.0,14.046945,11.426321,-0.37,0.43
18,6,2012,963.8042857142857,19.095871934311003,14.985118394975308,18.4,351.8,15.426666,11.854379,0.06,0.52
18,6,2013,658.5725274725276,19.178510899508918,17.791127272727273,23.8,474.6,13.576667,11.642041,-0.34,-0.13
18,6,2014,832.3384615384616,19.560308869325667,17.72028760330579,68.3004,318.51468,14.296528,11.634872,0.23,0.37
18,6,2015,885.2242857142858,20.364515157915445,16.092579430029403,36.6,312.6,15.642083,11.685536,1.25,0.6
18,6,2016,1077.2997069597072,18.945368457300273,16.604302066115704,71.02898,300.86533,13.759861,8.299029,0.0,-1.71
18,6,2017,1244.2,19.39901110911486,15.068251239669422,115.2,314.8,14.75375,6.060344,0.39,0.21
18,6,2018,1217.8,19.62989804168164,14.114880578512395,51.0,146.2,13.525,4.566177,0.06,0.63
18,6,2019,746.0,19.432691447486132,17.342123456790127,46.6,90.8,13.840006,4.57055,0.52,-0.32
18,6,2020,891.0021978021978,20.141418706413138,16.446301373660596,197.4,377.6,14.082639,10.835056,-0.23,-0.76
18,6,2021,937.6953075845722,19.196816684961583,15.425936593746952,68.3004,299.14444,20.107464,10.081714,-0.3,0.41
18,6,2022,937.6953075845722,16.752799121844124,14.024784002135304,68.3004,299.14444,17.663446,9.234463,-0.78,0.08
18,6,2023,1171.639010989011,20.216419028263257,18.08605551742976,46.028023,280.76538,14.980827,9.33683,0.84,0.86
18,6,2024,873.3788240680888,17.666636894783654,22.59421632315975,50.342857,162.74286,13.151195,13.243133,0.22,-1.04
12,4,2006,741.4769230769232,19.383456630945588,17.575260176365855,48.4,78.685715,14.4095,14.189619,-0.03,0.54
12,4,2007,380.6533333333333,19.019385663470157,17.963253135215215,9.2,178.44286,14.838494,13.127221,-0.47,-0.35
12,4,2008,1004.1999999999999,18.691534914361004,18.07930991735537,119.156044,266.52527,15.213056,12.432372,-0.61,0.68
12,4,2009,908.4000000000001,19.52789305391578,16.358971074380165,95.2,458.56,14.404184,11.259113,0.28,0.89
12,4,2010,1270.8000000000002,18.772781157138862,17.097149173553717,23.6,196.0,13.164308,12.275653,-0.66,-1.5
12,4,2011,1068.8,18.47582304526749,19.074843621399175,142.2,598.0,14.046945,11.426321,-0.37,0.43
12,4,2012,867.5528571428572,18.85348431301964,14.749600529872172,18.4,351.8,15.426666,11.854379,0.06,0.52
12,4,2013,658.0714285714284,19.178510899508918,17.791127272727273,23.8,474.6,13.576667,11.642041,-0.34,-0.13
12,4,2014,825.7020879120879,19.560308869325667,17.72028760330579,68.01033,317.49033,14.296528,11.634872,0.23,0.37
12,4,2015,865.2623809523809,20.74163532855414,15.665064409325627,36.6,312.6,15.642083,11.685536,1.25,0.6
12,4,2016,1075.0480586080587,18.945368457300273,16.604302066115704,70.7389,298.07172,13.759861,8.299029,0.0,-1.71
12,4,2017,1244.2,19.39901110911486,15.068251239669422,115.2,314.8,14.75375,6.060344,0.39,0.21
12,4,2018,1217.8,19.62989804168164,14.114880578512395,51.0,146.2,13.525,4.566177,0.06,0.63
12,4,2019,746.0,19.432691447486132,17.342123456790127,46.6,90.8,13.840006,4.57055,0.52,-0.32
12,4,2020,883.2702197802198,19.621306048512977,14.694617210513442,197.4,377.6,14.082639,10.835056,-0.23,-0.76
12,4,2021,927.3750824175825,18.35536894273128,12.129317832047043,68.01033,296.10028,19.066822,7.4512377,-0.3,0.41
12,4,2022,927.3750824175825,16.445952643171807,12.782087785230434,68.01033,296.10028,17.157406,7.872191,-0.78,0.08
12,4,2023,1168.8065934065935,20.216419028263257,18.08605551742976,45.156044,258.831,15.366689,9.507864,0.84,0.86
12,4,2024,863.3753754578755,16.968866723062618,21.55453172306508,49.271427,161.67143,12.926986,13.23384,0.22,-1.04
21,8,2006,762.498717948718,19.415272787160138,17.597551637955803,50.907692,81.193405,14.424167,14.367643,-0.03,0.54
21,8,2007,379.4284981684982,19.015097528463066,18.015363183881327,11.4,171.8,14.803944,13.23413,-0.47,-0.35
21,8,2008,1004.1999999999999,18.691534914361004,18.07930991735537,118.65,251.91154,15.213056,12.5102825,-0.61,0.68
21,8,2009,919.4384615384615,19.513722451790635,16.358971074380165,95.2,459.30667,14.404184,11.33431,0.28,0.89
21,8,2010,1255.9846153846156,18.78909428845199,17.171765168483397,23.742308,196.1423,13.088115,12.294031,-0.66,-1.5
21,8,2011,1068.8,18.47582304526749,19.074843621399175,142.2,598.0,14.046945,11.426321,-0.37,0.43
21,8,2012,974.6557142857143,18.976532728859357,15.701284476745151,18.4,351.8,15.426666,11.854379,0.06,0.52
21,8,2013,658.5725274725276,19.178510899508918,17.791127272727273,23.8,474.6,13.576667,11.642041,-0.34,-0.13
21,8,2014,823.923076923077,19.560308869325667,17.72028760330579,68.37095,318.58524,14.296528,11.634872,0.23,0.37
21,8,2015,805.6052380952381,20.54853941609175,16.5904395690889,36.6,312.6,15.642083,11.685536,1.25,0.6
21,8,2016,1069.0965934065935,18.945368457300273,16.604302066115704,71.099525,298.24774,13.759861,8.299029,0.0,-1.71
21,8,2017,1244.2,19.39901110911486,15.068251239669422,115.2,314.8,14.75375,6.060344,0.39,0.21
21,8,2018,1217.8,19.62989804168164,14.114880578512395,51.0,146.2,13.525,4.566177,0.06,0.63
21,8,2019,746.0,19.432691447486132,17.342123456790127,46.6,90.8,13.840006,4.57055,0.52,-0.32
21,8,2020,893.7373626373626,19.642014481903256,15.810292341252271,197.4,377.6,14.082639,10.835056,-0.23,-0.76
21,8,2021,930.2472619047619,18.332377049180327,13.7495717447274,68.37095,296.52686,19.038387,8.763327,-0.3,0.41
21,8,2022,930.2472619047619,16.43756830601093,13.370952642352185,68.37095,296.52686,17.14358,8.52775,-0.78,0.08
21,8,2023,1151.9503663003663,20.28494296155327,18.09859640104233,45.15,278.59924,13.917208,8.856908,0.84,0.86
21,8,2024,867.1884706959706,17.708521123145637,22.641678189565813,50.342857,162.74286,13.151195,13.342734,0.22,-1.04
24,6,2006,787.4451748251748,19.441287878787875,17.597551637955803,50.907692,81.193405,14.424167,14.189619,-0.03,0.54
24,6,2007,393.5873992673993,19.09477366255144,18.00078461605303,23.415384,161.51776,14.955139,13.247932,-0.47,-0.35
24,6,2008,1009.2166666666667,18.699139118457303,18.07930991735537,118.781815,260.33054,15.213056,12.432372,-0.61,0.68
24,6,2009,922.1410256410257,19.524535123966942,16.358971074380165,96.781815,460.92468,14.34875,11.33431,0.28,0.89
24,6,2010,1244.6097902097904,18.808677685950414,17.097149173553717,16.85746,193.29591,13.400972,12.312691,-0.66,-1.5
24,6,2011,1068.8,18.47582304526749,19.074843621399175,142.2,598.0,14.046945,11.426321,-0.37,0.43
24,6,2012,1034.810482850483,19.027169421487603,15.105037721369476,18.4,351.8,15.426666,11.854379,0.06,0.52
24,6,2013,659.223076923077,19.181749311294762,17.791127272727273,23.8,428.71667,13.576667,11.642041,-0.34,-0.13
24,6,2014,825.1670662670663,19.561656336088156,17.72028760330579,69.42244,319.63672,14.296528,11.634872,0.23,0.37
24,6,2015,808.3661971361971,20.567729766803843,16.312568882158153,36.6,312.6,15.642083,11.685536,1.25,0.6
24,6,2016,1068.5160905760906,18.945368457300273,16.604302066115704,72.15101,295.56903,13.759861,8.299029,0.0,-1.71
24,6,2017,1256.5202797202796,19.417992424242424,15.068251239669422,115.2,314.7,14.75375,6.060344,0.39,0.21
24,6,2018,1210.5285714285715,19.636518595041323,14.114880578512395,51.0,146.2,13.525,4.566177,0.06,0.63
24,6,2019,732.9923076923077,19.444907407407403,17.342123456790127,47.183334,92.06026,13.965694,4.57055,0.52,-0.32
24,6,2020,892.5273226773227,19.931045097049605,16.060426100577576,197.4,377.6,14.082639,10.835056,-0.23,-0.76
24,6,2021,933.1792740592741,18.795747001090515,14.643622263797914,69.42244,293.84814,19.61145,9.470395,-0.3,0.41
24,6,2022,933.1792740592741,16.606543075245366,13.714441423899737,69.42244,293.84814,17.422247,8.901497,-0.78,0.08
24,6,2023,1099.7898268398267,20.329252400548697,18.09859640104233,53.409107,283.2491,15.560621,9.225696,0.84,0.86
24,6,2024,878.8397136197136,17.572827540106957,22.629048434518324,50.42857,162.82857,13.173497,13.243111,0.22,-1.04
