mode,year,offset,yield_kg_ha,swxd_at_sowing_mm,swxd_first_day_mm
spinup,1984,0,5214.0,186.0,198.0
spinup,1984,8,4832.0,200.0,198.0
spinup,1984,16,4873.0,196.0,198.0
spinup,1984,24,4980.0,198.0,198.0
spinup,1984,32,5071.0,193.0,198.0
spinup,1984,40,4897.0,191.0,198.0
spinup,1984,48,4924.0,217.0,198.0
spinup,1984,56,4917.0,205.0,198.0
spinup,1984,64,4784.0,209.0,198.0
spinup,1984,72,4555.0,219.0,198.0
spinup,1984,80,4337.0,201.0,198.0
spinup,1984,88,4061.0,222.0,198.0
spinup,1984,96,3872.0,197.0,198.0
spinup,1984,30,4974.0,191.0,198.0
spinup,1985,0,1963.0,189.0,198.0
spinup,1985,8,1845.0,187.0,198.0
spinup,1985,16,2499.0,204.0,198.0
spinup,1985,24,2717.0,199.0,198.0
spinup,1985,32,3112.0,190.0,198.0
spinup,1985,40,3744.0,210.0,198.0
spinup,1985,48,4410.0,234.0,198.0
spinup,1985,56,4806.0,192.0,198.0
spinup,1985,64,4875.0,188.0,198.0
spinup,1985,72,4797.0,194.0,198.0
spinup,1985,80,4536.0,189.0,198.0
spinup,1985,88,4374.0,188.0,198.0
spinup,1985,96,4212.0,192.0,198.0
spinup,1985,30,2992.0,192.0,198.0
spinup,1986,0,5308.0,188.0,198.0
spinup,1986,8,5110.0,209.0,198.0
spinup,1986,16,5156.0,194.0,198.0
spinup,1986,24,5199.0,198.0,198.0
spinup,1986,32,5090.0,192.0,198.0
spinup,1986,40,4967.0,195.0,198.0
spinup,1986,48,5120.0,204.0,198.0
spinup,1986,56,4953.0,225.0,198.0
spinup,1986,64,4810.0,191.0,198.0
spinup,1986,72,4720.0,199.0,198.0
spinup,1986,80,4336.0,229.0,198.0
spinup,1986,88,4078.0,210.0,198.0
spinup,1986,96,3846.0,253.0,198.0
spinup,1986,30,5056.0,192.0,198.0
spinup,1987,0,3268.0,195.0,198.0
spinup,1987,8,3144.0,197.0,198.0
spinup,1987,16,3275.0,212.0,198.0
spinup,1987,24,3883.0,191.0,198.0
spinup,1987,32,4355.0,197.0,198.0
spinup,1987,40,4802.0,193.0,198.0
spinup,1987,48,4970.0,187.0,198.0
spinup,1987,56,4858.0,202.0,198.0
spinup,1987,64,4730.0,192.0,198.0
spinup,1987,72,4497.0,192.0,198.0
spinup,1987,80,4394.0,196.0,198.0
spinup,1987,88,4313.0,203.0,198.0
spinup,1987,96,3871.0,195.0,198.0
spinup,1987,30,4247.0,200.0,198.0
spinup,1988,0,2278.0,197.0,198.0
spinup,1988,8,3055.0,196.0,198.0
spinup,1988,16,3393.0,190.0,198.0
spinup,1988,24,3785.0,189.0,198.0
spinup,1988,32,4164.0,188.0,198.0
spinup,1988,40,4617.0,230.0,198.0
spinup,1988,48,4793.0,196.0,198.0
spinup,1988,56,4807.0,190.0,198.0
spinup,1988,64,4802.0,189.0,198.0
spinup,1988,72,4640.0,188.0,198.0
spinup,1988,80,4465.0,191.0,198.0
spinup,1988,88,4275.0,187.0,198.0
spinup,1988,96,4047.0,208.0,198.0
spinup,1988,30,4131.0,189.0,198.0
spinup,1989,0,5489.0,233.0,198.0
spinup,1989,8,5701.0,202.0,198.0
spinup,1989,16,5540.0,193.0,198.0
spinup,1989,24,5481.0,191.0,198.0
spinup,1989,32,5541.0,195.0,198.0
spinup,1989,40,5496.0,189.0,198.0
spinup,1989,48,5320.0,192.0,198.0
spinup,1989,56,5328.0,190.0,198.0
spinup,1989,64,5181.0,191.0,198.0
spinup,1989,72,4911.0,193.0,198.0
spinup,1989,80,4657.0,190.0,198.0
spinup,1989,88,4256.0,196.0,198.0
spinup,1989,96,3983.0,212.0,198.0
spinup,1989,30,5490.0,197.0,198.0
spinup,1990,0,2777.0,216.0,198.0
spinup,1990,8,2547.0,217.0,198.0
spinup,1990,16,2524.0,218.0,198.0
spinup,1990,24,2579.0,199.0,198.0
spinup,1990,32,2758.0,243.0,198.0
spinup,1990,40,2924.0,198.0,198.0
spinup,1990,48,3232.0,195.0,198.0
spinup,1990,56,3702.0,231.0,198.0
spinup,1990,64,4128.0,214.0,198.0
spinup,1990,72,4240.0,202.0,198.0
spinup,1990,80,4495.0,191.0,198.0
spinup,1990,88,4491.0,196.0,198.0
spinup,1990,96,4231.0,191.0,198.0
spinup,1990,30,2779.0,229.0,198.0
spinup,1991,0,5055.0,181.0,198.0
spinup,1991,8,4830.0,184.0,198.0
spinup,1991,16,4798.0,225.0,198.0
spinup,1991,24,4933.0,259.0,198.0
spinup,1991,32,5215.0,191.0,198.0
spinup,1991,40,5444.0,200.0,198.0
spinup,1991,48,5441.0,218.0,198.0
spinup,1991,56,5314.0,193.0,198.0
spinup,1991,64,5113.0,191.0,198.0
spinup,1991,72,4808.0,188.0,198.0
spinup,1991,80,4496.0,186.0,198.0
spinup,1991,88,4292.0,233.0,198.0
spinup,1991,96,4118.0,222.0,198.0
spinup,1991,30,5238.0,195.0,198.0
spinup,1992,0,3825.0,198.0,198.0
spinup,1992,8,4263.0,190.0,198.0
spinup,1992,16,4566.0,193.0,198.0
spinup,1992,24,4828.0,195.0,198.0
spinup,1992,32,4876.0,217.0,198.0
spinup,1992,40,4818.0,190.0,198.0
spinup,1992,48,4709.0,200.0,198.0
spinup,1992,56,4732.0,194.0,198.0
spinup,1992,64,4787.0,194.0,198.0
spinup,1992,72,4643.0,229.0,198.0
spinup,1992,80,4411.0,194.0,198.0
spinup,1992,88,4236.0,195.0,198.0
spinup,1992,96,3971.0,196.0,198.0
spinup,1992,30,4867.0,199.0,198.0
spinup,1993,0,4739.0,215.0,198.0
spinup,1993,8,4868.0,270.0,198.0
spinup,1993,16,5176.0,271.0,198.0
spinup,1993,24,5125.0,196.0,198.0
spinup,1993,32,5342.0,196.0,198.0
spinup,1993,40,5282.0,201.0,198.0
spinup,1993,48,5103.0,190.0,198.0
spinup,1993,56,5142.0,191.0,198.0
spinup,1993,64,4958.0,190.0,198.0
spinup,1993,72,4801.0,221.0,198.0
spinup,1993,80,4758.0,209.0,198.0
spinup,1993,88,4538.0,217.0,198.0
spinup,1993,96,4211.0,192.0,198.0
spinup,1993,30,5343.0,200.0,198.0
spinup,1994,0,4952.0,179.0,198.0
spinup,1994,8,5162.0,176.0,198.0
spinup,1994,16,5292.0,178.0,198.0
spinup,1994,24,5215.0,184.0,198.0
spinup,1994,32,5303.0,183.0,198.0
spinup,1994,40,5277.0,215.0,198.0
spinup,1994,48,5118.0,198.0,198.0
spinup,1994,56,5102.0,201.0,198.0
spinup,1994,64,4881.0,232.0,198.0
spinup,1994,72,4635.0,194.0,198.0
spinup,1994,80,4470.0,195.0,198.0
spinup,1994,88,4298.0,197.0,198.0
spinup,1994,96,3907.0,193.0,198.0
spinup,1994,30,5295.0,183.0,198.0
spinup,1995,0,4509.0,180.0,198.0
spinup,1995,8,4881.0,253.0,198.0
spinup,1995,16,5224.0,230.0,198.0
spinup,1995,24,5285.0,215.0,198.0
spinup,1995,32,5328.0,250.0,198.0
spinup,1995,40,5295.0,192.0,198.0
spinup,1995,48,5102.0,214.0,198.0
spinup,1995,56,5074.0,192.0,198.0
spinup,1995,64,4863.0,193.0,198.0
spinup,1995,72,4671.0,198.0,198.0
spinup,1995,80,4402.0,194.0,198.0
spinup,1995,88,4163.0,208.0,198.0
spinup,1995,96,4036.0,194.0,198.0
spinup,1995,30,5345.0,224.0,198.0
spinup,1996,0,5185.0,210.0,198.0
spinup,1996,8,5225.0,192.0,198.0
spinup,1996,16,5311.0,196.0,198.0
spinup,1996,24,5368.0,192.0,198.0
spinup,1996,32,5491.0,200.0,198.0
spinup,1996,40,5432.0,237.0,198.0
spinup,1996,48,5210.0,203.0,198.0
spinup,1996,56,5110.0,196.0,198.0
spinup,1996,64,5078.0,235.0,198.0
spinup,1996,72,5087.0,190.0,198.0
spinup,1996,80,4860.0,197.0,198.0
spinup,1996,88,4694.0,243.0,198.0
spinup,1996,96,4431.0,209.0,198.0
spinup,1996,30,5505.0,231.0,198.0
spinup,1997,0,5103.0,220.0,198.0
spinup,1997,8,5177.0,227.0,198.0
spinup,1997,16,5025.0,262.0,198.0
spinup,1997,24,5034.0,238.0,198.0
spinup,1997,32,5078.0,216.0,198.0
spinup,1997,40,5017.0,204.0,198.0
spinup,1997,48,4970.0,234.0,198.0
spinup,1997,56,4892.0,205.0,198.0
spinup,1997,64,4712.0,255.0,198.0
spinup,1997,72,4447.0,220.0,198.0
spinup,1997,80,4246.0,197.0,198.0
spinup,1997,88,4078.0,198.0,198.0
spinup,1997,96,3879.0,198.0,198.0
spinup,1997,30,5050.0,222.0,198.0
spinup,1998,0,4687.0,229.0,198.0
spinup,1998,8,4662.0,230.0,198.0
spinup,1998,16,5138.0,249.0,198.0
spinup,1998,24,5411.0,247.0,198.0
spinup,1998,32,5563.0,222.0,198.0
spinup,1998,40,5486.0,218.0,198.0
spinup,1998,48,5442.0,191.0,198.0
spinup,1998,56,5360.0,192.0,198.0
spinup,1998,64,5273.0,187.0,198.0
spinup,1998,72,5030.0,186.0,198.0
spinup,1998,80,4838.0,202.0,198.0
spinup,1998,88,4649.0,209.0,198.0
spinup,1998,96,4361.0,196.0,198.0
spinup,1998,30,5471.0,200.0,198.0
spinup,1999,0,4752.0,247.0,198.0
spinup,1999,8,5030.0,191.0,198.0
spinup,1999,16,5528.0,189.0,198.0
spinup,1999,24,5676.0,190.0,198.0
spinup,1999,32,5629.0,225.0,198.0
spinup,1999,40,5546.0,192.0,198.0
spinup,1999,48,5428.0,190.0,198.0
spinup,1999,56,5293.0,194.0,198.0
spinup,1999,64,5214.0,192.0,198.0
spinup,1999,72,5001.0,191.0,198.0
spinup,1999,80,4789.0,195.0,198.0
spinup,1999,88,4570.0,204.0,198.0
spinup,1999,96,4464.0,191.0,198.0
spinup,1999,30,5687.0,190.0,198.0
spinup,2000,0,5557.0,264.0,198.0
spinup,2000,8,5260.0,211.0,198.0
spinup,2000,16,5415.0,195.0,198.0
spinup,2000,24,5381.0,195.0,198.0
spinup,2000,32,5508.0,211.0,198.0
spinup,2000,40,5596.0,207.0,198.0
spinup,2000,48,5465.0,193.0,198.0
spinup,2000,56,5313.0,194.0,198.0
spinup,2000,64,5186.0,204.0,198.0
spinup,2000,72,5009.0,209.0,198.0
spinup,2000,80,4720.0,204.0,198.0
spinup,2000,88,4571.0,193.0,198.0
spinup,2000,96,4307.0,196.0,198.0
spinup,2000,30,5393.0,221.0,198.0
spinup,2001,0,5724.0,218.0,198.0
spinup,2001,8,5745.0,205.0,198.0
spinup,2001,16,5615.0,270.0,198.0
spinup,2001,24,5699.0,244.0,198.0
spinup,2001,32,5733.0,195.0,198.0
spinup,2001,40,5821.0,192.0,198.0
spinup,2001,48,5620.0,187.0,198.0
spinup,2001,56,5486.0,204.0,198.0
spinup,2001,64,5338.0,206.0,198.0
spinup,2001,72,5111.0,192.0,198.0
spinup,2001,80,4902.0,197.0,198.0
spinup,2001,88,4819.0,202.0,198.0
spinup,2001,96,4544.0,193.0,198.0
spinup,2001,30,5696.0,193.0,198.0
spinup,2002,0,5077.0,231.0,198.0
spinup,2002,8,4776.0,216.0,198.0
spinup,2002,16,5022.0,220.0,198.0
spinup,2002,24,5270.0,198.0,198.0
spinup,2002,32,5255.0,194.0,198.0
spinup,2002,40,5273.0,210.0,198.0
spinup,2002,48,5225.0,197.0,198.0
spinup,2002,56,5080.0,230.0,198.0
spinup,2002,64,4950.0,203.0,198.0
spinup,2002,72,4830.0,221.0,198.0
spinup,2002,80,4795.0,229.0,198.0
spinup,2002,88,4599.0,203.0,198.0
spinup,2002,96,4438.0,199.0,198.0
spinup,2002,30,5168.0,194.0,198.0
spinup,2003,0,5825.0,198.0,198.0
spinup,2003,8,5949.0,190.0,198.0
spinup,2003,16,5904.0,209.0,198.0
spinup,2003,24,5940.0,217.0,198.0
spinup,2003,32,5975.0,192.0,198.0
spinup,2003,40,6088.0,197.0,198.0
spinup,2003,48,5961.0,205.0,198.0
spinup,2003,56,5901.0,191.0,198.0
spinup,2003,64,5649.0,226.0,198.0
spinup,2003,72,5372.0,204.0,198.0
spinup,2003,80,5274.0,199.0,198.0
spinup,2003,88,5163.0,217.0,198.0
spinup,2003,96,4894.0,238.0,198.0
spinup,2003,30,5931.0,196.0,198.0
spinup,2004,0,5208.0,208.0,198.0
spinup,2004,8,5225.0,190.0,198.0
spinup,2004,16,5609.0,188.0,198.0
spinup,2004,24,5846.0,185.0,198.0
spinup,2004,32,5601.0,259.0,198.0
spinup,2004,40,5331.0,249.0,198.0
spinup,2004,48,4652.0,200.0,198.0
spinup,2004,56,4083.0,200.0,198.0
spinup,2004,64,3659.0,206.0,198.0
spinup,2004,72,3232.0,191.0,198.0
spinup,2004,80,2750.0,199.0,198.0
spinup,2004,88,2157.0,206.0,198.0
spinup,2004,96,1768.0,211.0,198.0
spinup,2004,30,5740.0,241.0,198.0
spinup,2005,0,2484.0,254.0,198.0
spinup,2005,8,2766.0,203.0,198.0
spinup,2005,16,3306.0,212.0,198.0
spinup,2005,24,3814.0,230.0,198.0
spinup,2005,32,4515.0,213.0,198.0
spinup,2005,40,4879.0,202.0,198.0
spinup,2005,48,5019.0,201.0,198.0
spinup,2005,56,5000.0,194.0,198.0
spinup,2005,64,4923.0,201.0,198.0
spinup,2005,72,4775.0,202.0,198.0
spinup,2005,80,4698.0,192.0,198.0
spinup,2005,88,4532.0,189.0,198.0
spinup,2005,96,4125.0,193.0,198.0
spinup,2005,30,4476.0,200.0,198.0
spinup,2006,0,5394.0,191.0,198.0
spinup,2006,8,5368.0,240.0,198.0
spinup,2006,16,5590.0,221.0,198.0
spinup,2006,24,5655.0,193.0,198.0
spinup,2006,32,5567.0,199.0,198.0
spinup,2006,40,5592.0,189.0,198.0
spinup,2006,48,5508.0,214.0,198.0
spinup,2006,56,5278.0,193.0,198.0
spinup,2006,64,5119.0,199.0,198.0
spinup,2006,72,5054.0,213.0,198.0
spinup,2006,80,4840.0,213.0,198.0
spinup,2006,88,4609.0,193.0,198.0
spinup,2006,96,4617.0,200.0,198.0
spinup,2006,30,5682.0,200.0,198.0
spinup,2007,0,5390.0,178.0,198.0
spinup,2007,8,5398.0,195.0,198.0
spinup,2007,16,5421.0,190.0,198.0
spinup,2007,24,5410.0,186.0,198.0
spinup,2007,32,5692.0,194.0,198.0
spinup,2007,40,5711.0,190.0,198.0
spinup,2007,48,5590.0,219.0,198.0
spinup,2007,56,5468.0,251.0,198.0
spinup,2007,64,5283.0,199.0,198.0
spinup,2007,72,5084.0,190.0,198.0
spinup,2007,80,4958.0,188.0,198.0
spinup,2007,88,4720.0,240.0,198.0
spinup,2007,96,4512.0,208.0,198.0
spinup,2007,30,5562.0,197.0,198.0
spinup,2008,0,3437.0,193.0,198.0
spinup,2008,8,3312.0,195.0,198.0
spinup,2008,16,3270.0,222.0,198.0
spinup,2008,24,3502.0,208.0,198.0
spinup,2008,32,3975.0,215.0,198.0
spinup,2008,40,4692.0,201.0,198.0
spinup,2008,48,5075.0,211.0,198.0
spinup,2008,56,5297.0,201.0,198.0
spinup,2008,64,5252.0,194.0,198.0
spinup,2008,72,5115.0,189.0,198.0
spinup,2008,80,5030.0,188.0,198.0
spinup,2008,88,4904.0,189.0,198.0
spinup,2008,96,4519.0,190.0,198.0
spinup,2008,30,3821.0,197.0,198.0
spinup,2009,0,5554.0,200.0,198.0
spinup,2009,8,5376.0,254.0,198.0
spinup,2009,16,5443.0,213.0,198.0
spinup,2009,24,5295.0,206.0,198.0
spinup,2009,32,5223.0,261.0,198.0
spinup,2009,40,5135.0,205.0,198.0
spinup,2009,48,5093.0,189.0,198.0
spinup,2009,56,4976.0,207.0,198.0
spinup,2009,64,4906.0,217.0,198.0
spinup,2009,72,4866.0,204.0,198.0
spinup,2009,80,4730.0,214.0,198.0
spinup,2009,88,4496.0,212.0,198.0
spinup,2009,96,4170.0,201.0,198.0
spinup,2009,30,5341.0,248.0,198.0
spinup,2010,0,5728.0,182.0,198.0
spinup,2010,8,5824.0,193.0,198.0
spinup,2010,16,5719.0,213.0,198.0
spinup,2010,24,5645.0,217.0,198.0
spinup,2010,32,5604.0,223.0,198.0
spinup,2010,40,5485.0,199.0,198.0
spinup,2010,48,5452.0,199.0,198.0
spinup,2010,56,5363.0,208.0,198.0
spinup,2010,64,5212.0,194.0,198.0
spinup,2010,72,5042.0,204.0,198.0
spinup,2010,80,4753.0,230.0,198.0
spinup,2010,88,4494.0,208.0,198.0
spinup,2010,96,4303.0,217.0,198.0
spinup,2010,30,5702.0,217.0,198.0
spinup,2011,0,6106.0,191.0,198.0
spinup,2011,8,6038.0,192.0,198.0
spinup,2011,16,6210.0,192.0,198.0
spinup,2011,24,6380.0,210.0,198.0
spinup,2011,32,6269.0,253.0,198.0
spinup,2011,40,6226.0,202.0,198.0
spinup,2011,48,6104.0,202.0,198.0
spinup,2011,56,5949.0,189.0,198.0
spinup,2011,64,5806.0,201.0,198.0
spinup,2011,72,5560.0,195.0,198.0
spinup,2011,80,5083.0,189.0,198.0
spinup,2011,88,4590.0,204.0,198.0
spinup,2011,96,4485.0,190.0,198.0
spinup,2011,30,6326.0,265.0,198.0
spinup,2012,0,5846.0,178.0,198.0
spinup,2012,8,5855.0,198.0,198.0
spinup,2012,16,5791.0,196.0,198.0
spinup,2012,24,5980.0,189.0,198.0
spinup,2012,32,5713.0,190.0,198.0
spinup,2012,40,5402.0,226.0,198.0
spinup,2012,48,5215.0,206.0,198.0
spinup,2012,56,5321.0,207.0,198.0
spinup,2012,64,5129.0,193.0,198.0
spinup,2012,72,4790.0,196.0,198.0
spinup,2012,80,4481.0,197.0,198.0
spinup,2012,88,4262.0,195.0,198.0
spinup,2012,96,4030.0,197.0,198.0
spinup,2012,30,5695.0,191.0,198.0
spinup,2013,0,5114.0,181.0,198.0
spinup,2013,8,4940.0,259.0,198.0
spinup,2013,16,4785.0,210.0,198.0
spinup,2013,24,4338.0,193.0,198.0
spinup,2013,32,3888.0,198.0,198.0
spinup,2013,40,3878.0,200.0,198.0
spinup,2013,48,3796.0,192.0,198.0
spinup,2013,56,4078.0,191.0,198.0
spinup,2013,64,4637.0,196.0,198.0
spinup,2013,72,4637.0,194.0,198.0
spinup,2013,80,4360.0,194.0,198.0
spinup,2013,88,4274.0,204.0,198.0
spinup,2013,96,3739.0,190.0,198.0
spinup,2013,30,3938.0,190.0,198.0
spinup,2014,0,5896.0,190.0,198.0
spinup,2014,8,5867.0,199.0,198.0
spinup,2014,16,5825.0,251.0,198.0
spinup,2014,24,5874.0,190.0,198.0
spinup,2014,32,5857.0,193.0,198.0
spinup,2014,40,5729.0,193.0,198.0
spinup,2014,48,5769.0,189.0,198.0
spinup,2014,56,5543.0,200.0,198.0
spinup,2014,64,5257.0,193.0,198.0
spinup,2014,72,5193.0,222.0,198.0
spinup,2014,80,4820.0,199.0,198.0
spinup,2014,88,4675.0,238.0,198.0
spinup,2014,96,4494.0,193.0,198.0
spinup,2014,30,5880.0,187.0,198.0
spinup,2015,0,4652.0,193.0,198.0
spinup,2015,8,4968.0,188.0,198.0
spinup,2015,16,5323.0,212.0,198.0
spinup,2015,24,5409.0,226.0,198.0
spinup,2015,32,5249.0,216.0,198.0
spinup,2015,40,5297.0,211.0,198.0
spinup,2015,48,5263.0,203.0,198.0
spinup,2015,56,5088.0,204.0,198.0
spinup,2015,64,4988.0,218.0,198.0
spinup,2015,72,4879.0,216.0,198.0
spinup,2015,80,4734.0,224.0,198.0
spinup,2015,88,4662.0,211.0,198.0
spinup,2015,96,4033.0,211.0,198.0
spinup,2015,30,5166.0,229.0,198.0
spinup,2016,0,5996.0,190.0,198.0
spinup,2016,8,6013.0,189.0,198.0
spinup,2016,16,5784.0,186.0,198.0
spinup,2016,24,5946.0,194.0,198.0
spinup,2016,32,6112.0,193.0,198.0
spinup,2016,40,6038.0,217.0,198.0
spinup,2016,48,5814.0,195.0,198.0
spinup,2016,56,5697.0,205.0,198.0
spinup,2016,64,5421.0,195.0,198.0
spinup,2016,72,5203.0,198.0,198.0
spinup,2016,80,4992.0,202.0,198.0
spinup,2016,88,4828.0,235.0,198.0
spinup,2016,96,4557.0,212.0,198.0
spinup,2016,30,6024.0,201.0,198.0
spinup,2017,0,5206.0,182.0,198.0
spinup,2017,8,5416.0,184.0,198.0
spinup,2017,16,5637.0,211.0,198.0
spinup,2017,24,5950.0,240.0,198.0
spinup,2017,32,5689.0,195.0,198.0
spinup,2017,40,5545.0,222.0,198.0
spinup,2017,48,5444.0,198.0,198.0
spinup,2017,56,5392.0,222.0,198.0
spinup,2017,64,5321.0,221.0,198.0
spinup,2017,72,5154.0,204.0,198.0
spinup,2017,80,4936.0,191.0,198.0
spinup,2017,88,4614.0,193.0,198.0
spinup,2017,96,4369.0,199.0,198.0
spinup,2017,30,5853.0,202.0,198.0
spinup,2018,0,2993.0,190.0,198.0
spinup,2018,8,3133.0,193.0,198.0
spinup,2018,16,3826.0,194.0,198.0
spinup,2018,24,4549.0,234.0,198.0
spinup,2018,32,4812.0,252.0,198.0
spinup,2018,40,5315.0,219.0,198.0
spinup,2018,48,5773.0,200.0,198.0
spinup,2018,56,5568.0,191.0,198.0
spinup,2018,64,5413.0,195.0,198.0
spinup,2018,72,5204.0,192.0,198.0
spinup,2018,80,4996.0,195.0,198.0
spinup,2018,88,4684.0,191.0,198.0
spinup,2018,96,4513.0,195.0,198.0
spinup,2018,30,4847.0,236.0,198.0
spinup,2019,0,5859.0,187.0,198.0
spinup,2019,8,5395.0,204.0,198.0
spinup,2019,16,5139.0,189.0,198.0
spinup,2019,24,5219.0,194.0,198.0
spinup,2019,32,5447.0,199.0,198.0
spinup,2019,40,5193.0,192.0,198.0
spinup,2019,48,5192.0,190.0,198.0
spinup,2019,56,5174.0,221.0,198.0
spinup,2019,64,4993.0,196.0,198.0
spinup,2019,72,4717.0,208.0,198.0
spinup,2019,80,4396.0,193.0,198.0
spinup,2019,88,4072.0,196.0,198.0
spinup,2019,96,3626.0,208.0,198.0
spinup,2019,30,5408.0,207.0,198.0
spinup,2020,0,3906.0,182.0,198.0
spinup,2020,8,4106.0,180.0,198.0
spinup,2020,16,4752.0,193.0,198.0
spinup,2020,24,5347.0,215.0,198.0
spinup,2020,32,5883.0,197.0,198.0
spinup,2020,40,5666.0,195.0,198.0
spinup,2020,48,5374.0,194.0,198.0
spinup,2020,56,5122.0,192.0,198.0
spinup,2020,64,5079.0,207.0,198.0
spinup,2020,72,5287.0,191.0,198.0
spinup,2020,80,5073.0,205.0,198.0
spinup,2020,88,4971.0,195.0,198.0
spinup,2020,96,4673.0,199.0,198.0
spinup,2020,30,5982.0,221.0,198.0
spinup,2021,0,2279.0,201.0,198.0
spinup,2021,8,2509.0,192.0,198.0
spinup,2021,16,2903.0,207.0,198.0
spinup,2021,24,3620.0,223.0,198.0
spinup,2021,32,4269.0,232.0,198.0
spinup,2021,40,4598.0,221.0,198.0
spinup,2021,48,5154.0,200.0,198.0
spinup,2021,56,5367.0,194.0,198.0
spinup,2021,64,5686.0,194.0,198.0
spinup,2021,72,5350.0,199.0,198.0
spinup,2021,80,5130.0,191.0,198.0
spinup,2021,88,4912.0,188.0,198.0
spinup,2021,96,4639.0,191.0,198.0
spinup,2021,30,4206.0,225.0,198.0
spinup,2022,0,6366.0,239.0,198.0
spinup,2022,8,6260.0,204.0,198.0
spinup,2022,16,6068.0,218.0,198.0
spinup,2022,24,5912.0,206.0,198.0
spinup,2022,32,5883.0,217.0,198.0
spinup,2022,40,5758.0,201.0,198.0
spinup,2022,48,5642.0,229.0,198.0
spinup,2022,56,5528.0,189.0,198.0
spinup,2022,64,5216.0,193.0,198.0
spinup,2022,72,5235.0,195.0,198.0
spinup,2022,80,4666.0,212.0,198.0
spinup,2022,88,4679.0,216.0,198.0
spinup,2022,96,4751.0,196.0,198.0
spinup,2022,30,5780.0,224.0,198.0
spinup,2023,0,3577.0,191.0,198.0
spinup,2023,8,3136.0,190.0,198.0
spinup,2023,16,3468.0,198.0,198.0
spinup,2023,24,3373.0,255.0,198.0
spinup,2023,32,3109.0,261.0,198.0
spinup,2023,40,2832.0,195.0,198.0
spinup,2023,48,2714.0,240.0,198.0
spinup,2023,56,3093.0,192.0,198.0
spinup,2023,64,3106.0,192.0,198.0
spinup,2023,72,3513.0,210.0,198.0
spinup,2023,80,4087.0,198.0,198.0
spinup,2023,88,4132.0,220.0,198.0
spinup,2023,96,3864.0,190.0,198.0
spinup,2023,30,3229.0,235.0,198.0
spinup,2024,0,5106.0,224.0,198.0
spinup,2024,8,5645.0,203.0,198.0
spinup,2024,16,5262.0,191.0,198.0
spinup,2024,24,5327.0,200.0,198.0
spinup,2024,32,5584.0,195.0,198.0
spinup,2024,40,5799.0,212.0,198.0
spinup,2024,48,5708.0,213.0,198.0
spinup,2024,56,5746.0,207.0,198.0
spinup,2024,64,5384.0,189.0,198.0
spinup,2024,72,5303.0,190.0,198.0
spinup,2024,80,5416.0,203.0,198.0
spinup,2024,88,5199.0,240.0,198.0
spinup,2024,96,4636.0,199.0,198.0
spinup,2024,30,5566.0,199.0,198.0
no_spinup,1984,0,5202.0,195.0,198.0
no_spinup,1984,8,4924.0,193.0,198.0
no_spinup,1984,16,4881.0,192.0,198.0
no_spinup,1984,24,4977.0,202.0,198.0
no_spinup,1984,32,4953.0,201.0,198.0
no_spinup,1984,40,4897.0,192.0,198.0
no_spinup,1984,48,4923.0,225.0,198.0
no_spinup,1984,56,4918.0,192.0,198.0
no_spinup,1984,64,4743.0,194.0,198.0
no_spinup,1984,72,4580.0,197.0,198.0
no_spinup,1984,80,4338.0,192.0,198.0
no_spinup,1984,88,4061.0,226.0,198.0
no_spinup,1984,96,3890.0,192.0,198.0
no_spinup,1984,30,4974.0,195.0,198.0
no_spinup,1985,0,1985.0,194.0,198.0
no_spinup,1985,8,1834.0,196.0,198.0
no_spinup,1985,16,2495.0,193.0,198.0
no_spinup,1985,24,2717.0,201.0,198.0
no_spinup,1985,32,3111.0,192.0,198.0
no_spinup,1985,40,3742.0,194.0,198.0
no_spinup,1985,48,4397.0,209.0,198.0
no_spinup,1985,56,4586.0,191.0,198.0
no_spinup,1985,64,4845.0,193.0,198.0
no_spinup,1985,72,4797.0,193.0,198.0
no_spinup,1985,80,4535.0,192.0,198.0
no_spinup,1985,88,4374.0,192.0,198.0
no_spinup,1985,96,4212.0,200.0,198.0
no_spinup,1985,30,2990.0,194.0,198.0
no_spinup,1986,0,5311.0,194.0,198.0
no_spinup,1986,8,5121.0,195.0,198.0
no_spinup,1986,16,5128.0,192.0,198.0
no_spinup,1986,24,5195.0,206.0,198.0
no_spinup,1986,32,5040.0,193.0,198.0
no_spinup,1986,40,5035.0,192.0,198.0
no_spinup,1986,48,5118.0,197.0,198.0
no_spinup,1986,56,4970.0,230.0,198.0
no_spinup,1986,64,4811.0,191.0,198.0
no_spinup,1986,72,4721.0,198.0,198.0
no_spinup,1986,80,4336.0,197.0,198.0
no_spinup,1986,88,4080.0,195.0,198.0
no_spinup,1986,96,3845.0,207.0,198.0
no_spinup,1986,30,5061.0,192.0,198.0
no_spinup,1987,0,3223.0,192.0,198.0
no_spinup,1987,8,3210.0,197.0,198.0
no_spinup,1987,16,3331.0,213.0,198.0
no_spinup,1987,24,3775.0,192.0,198.0
no_spinup,1987,32,4425.0,196.0,198.0
no_spinup,1987,40,4804.0,197.0,198.0
no_spinup,1987,48,4973.0,191.0,198.0
no_spinup,1987,56,4820.0,192.0,198.0
no_spinup,1987,64,4688.0,191.0,198.0
no_spinup,1987,72,4488.0,191.0,198.0
no_spinup,1987,80,4392.0,198.0,198.0
no_spinup,1987,88,4312.0,203.0,198.0
no_spinup,1987,96,3873.0,196.0,198.0
no_spinup,1987,30,4247.0,194.0,198.0
no_spinup,1988,0,2728.0,196.0,198.0
no_spinup,1988,8,3050.0,193.0,198.0
no_spinup,1988,16,3414.0,194.0,198.0
no_spinup,1988,24,3766.0,194.0,198.0
no_spinup,1988,32,4172.0,193.0,198.0
no_spinup,1988,40,4614.0,210.0,198.0
no_spinup,1988,48,4672.0,192.0,198.0
no_spinup,1988,56,4805.0,196.0,198.0
no_spinup,1988,64,4802.0,192.0,198.0
no_spinup,1988,72,4626.0,194.0,198.0
no_spinup,1988,80,4465.0,191.0,198.0
no_spinup,1988,88,4275.0,192.0,198.0
no_spinup,1988,96,4047.0,212.0,198.0
no_spinup,1988,30,4070.0,191.0,198.0
no_spinup,1989,0,5537.0,194.0,198.0
no_spinup,1989,8,5605.0,208.0,198.0
no_spinup,1989,16,5543.0,192.0,198.0
no_spinup,1989,24,5481.0,193.0,198.0
no_spinup,1989,32,5576.0,192.0,198.0
no_spinup,1989,40,5499.0,193.0,198.0
no_spinup,1989,48,5346.0,192.0,198.0
no_spinup,1989,56,5329.0,193.0,198.0
no_spinup,1989,64,5182.0,192.0,198.0
no_spinup,1989,72,4950.0,191.0,198.0
no_spinup,1989,80,4679.0,192.0,198.0
no_spinup,1989,88,4256.0,194.0,198.0
no_spinup,1989,96,3982.0,192.0,198.0
no_spinup,1989,30,5490.0,195.0,198.0
no_spinup,1990,0,2768.0,193.0,198.0
no_spinup,1990,8,2470.0,211.0,198.0
no_spinup,1990,16,2529.0,204.0,198.0
no_spinup,1990,24,2579.0,205.0,198.0
no_spinup,1990,32,2754.0,214.0,198.0
no_spinup,1990,40,2924.0,193.0,198.0
no_spinup,1990,48,3232.0,200.0,198.0
no_spinup,1990,56,3664.0,192.0,198.0
no_spinup,1990,64,4113.0,194.0,198.0
no_spinup,1990,72,4248.0,195.0,198.0
no_spinup,1990,80,4549.0,197.0,198.0
no_spinup,1990,88,4548.0,199.0,198.0
no_spinup,1990,96,4231.0,191.0,198.0
no_spinup,1990,30,2771.0,199.0,198.0
no_spinup,1991,0,5025.0,196.0,198.0
no_spinup,1991,8,4896.0,201.0,198.0
no_spinup,1991,16,4798.0,194.0,198.0
no_spinup,1991,24,5019.0,218.0,198.0
no_spinup,1991,32,5212.0,194.0,198.0
no_spinup,1991,40,5506.0,195.0,198.0
no_spinup,1991,48,5441.0,195.0,198.0
no_spinup,1991,56,5334.0,194.0,198.0
no_spinup,1991,64,5115.0,191.0,198.0
no_spinup,1991,72,4768.0,199.0,198.0
no_spinup,1991,80,4496.0,193.0,198.0
no_spinup,1991,88,4291.0,202.0,198.0
no_spinup,1991,96,4120.0,198.0,198.0
no_spinup,1991,30,5274.0,192.0,198.0
no_spinup,1992,0,3824.0,198.0,198.0
no_spinup,1992,8,4251.0,194.0,198.0
no_spinup,1992,16,4565.0,194.0,198.0
no_spinup,1992,24,4827.0,193.0,198.0
no_spinup,1992,32,4874.0,200.0,198.0
no_spinup,1992,40,4814.0,192.0,198.0
no_spinup,1992,48,4765.0,199.0,198.0
no_spinup,1992,56,4758.0,194.0,198.0
no_spinup,1992,64,4786.0,191.0,198.0
no_spinup,1992,72,4642.0,197.0,198.0
no_spinup,1992,80,4412.0,191.0,198.0
no_spinup,1992,88,4258.0,192.0,198.0
no_spinup,1992,96,3972.0,194.0,198.0
no_spinup,1992,30,4869.0,193.0,198.0
no_spinup,1993,0,4759.0,202.0,198.0
no_spinup,1993,8,4869.0,223.0,198.0
no_spinup,1993,16,5176.0,231.0,198.0
no_spinup,1993,24,5103.0,192.0,198.0
no_spinup,1993,32,5294.0,196.0,198.0
no_spinup,1993,40,5231.0,201.0,198.0
no_spinup,1993,48,5102.0,192.0,198.0
no_spinup,1993,56,5145.0,191.0,198.0
no_spinup,1993,64,4954.0,197.0,198.0
no_spinup,1993,72,4842.0,216.0,198.0
no_spinup,1993,80,4758.0,194.0,198.0
no_spinup,1993,88,4540.0,191.0,198.0
no_spinup,1993,96,4211.0,193.0,198.0
no_spinup,1993,30,5335.0,207.0,198.0
no_spinup,1994,0,4812.0,197.0,198.0
no_spinup,1994,8,5162.0,192.0,198.0
no_spinup,1994,16,5297.0,200.0,198.0
no_spinup,1994,24,5219.0,192.0,198.0
no_spinup,1994,32,5306.0,198.0,198.0
no_spinup,1994,40,5279.0,200.0,198.0
no_spinup,1994,48,5181.0,192.0,198.0
no_spinup,1994,56,5102.0,191.0,198.0
no_spinup,1994,64,4879.0,200.0,198.0
no_spinup,1994,72,4638.0,196.0,198.0
no_spinup,1994,80,4468.0,196.0,198.0
no_spinup,1994,88,4297.0,193.0,198.0
no_spinup,1994,96,3988.0,192.0,198.0
no_spinup,1994,30,5358.0,196.0,198.0
no_spinup,1995,0,4508.0,192.0,198.0
no_spinup,1995,8,4941.0,224.0,198.0
no_spinup,1995,16,5224.0,198.0,198.0
no_spinup,1995,24,5285.0,197.0,198.0
no_spinup,1995,32,5347.0,216.0,198.0
no_spinup,1995,40,5359.0,191.0,198.0
no_spinup,1995,48,5156.0,196.0,198.0
no_spinup,1995,56,5073.0,198.0,198.0
no_spinup,1995,64,4862.0,192.0,198.0
no_spinup,1995,72,4669.0,204.0,198.0
no_spinup,1995,80,4400.0,194.0,198.0
no_spinup,1995,88,4205.0,216.0,198.0
no_spinup,1995,96,4037.0,193.0,198.0
no_spinup,1995,30,5328.0,206.0,198.0
no_spinup,1996,0,5193.0,194.0,198.0
no_spinup,1996,8,5226.0,199.0,198.0
no_spinup,1996,16,5306.0,195.0,198.0
no_spinup,1996,24,5446.0,193.0,198.0
no_spinup,1996,32,5498.0,192.0,198.0
no_spinup,1996,40,5365.0,210.0,198.0
no_spinup,1996,48,5189.0,204.0,198.0
no_spinup,1996,56,5108.0,199.0,198.0
no_spinup,1996,64,5077.0,193.0,198.0
no_spinup,1996,72,5088.0,191.0,198.0
no_spinup,1996,80,4807.0,198.0,198.0
no_spinup,1996,88,4711.0,212.0,198.0
no_spinup,1996,96,4431.0,200.0,198.0
no_spinup,1996,30,5506.0,193.0,198.0
no_spinup,1997,0,5062.0,208.0,198.0
no_spinup,1997,8,5187.0,195.0,198.0
no_spinup,1997,16,5025.0,212.0,198.0
no_spinup,1997,24,4852.0,204.0,198.0
no_spinup,1997,32,5103.0,196.0,198.0
no_spinup,1997,40,5015.0,203.0,198.0
no_spinup,1997,48,4971.0,203.0,198.0
no_spinup,1997,56,4893.0,193.0,198.0
no_spinup,1997,64,4712.0,205.0,198.0
no_spinup,1997,72,4448.0,205.0,198.0
no_spinup,1997,80,4192.0,194.0,198.0
no_spinup,1997,88,4120.0,192.0,198.0
no_spinup,1997,96,3884.0,192.0,198.0
no_spinup,1997,30,5052.0,196.0,198.0
no_spinup,1998,0,4654.0,203.0,198.0
no_spinup,1998,8,4663.0,193.0,198.0
no_spinup,1998,16,5099.0,195.0,198.0
no_spinup,1998,24,5449.0,192.0,198.0
no_spinup,1998,32,5552.0,199.0,198.0
no_spinup,1998,40,5515.0,224.0,198.0
no_spinup,1998,48,5442.0,192.0,198.0
no_spinup,1998,56,5375.0,202.0,198.0
no_spinup,1998,64,5272.0,193.0,198.0
no_spinup,1998,72,5030.0,193.0,198.0
no_spinup,1998,80,4822.0,211.0,198.0
no_spinup,1998,88,4651.0,191.0,198.0
no_spinup,1998,96,4363.0,192.0,198.0
no_spinup,1998,30,5431.0,192.0,198.0
no_spinup,1999,0,4738.0,217.0,198.0
no_spinup,1999,8,5045.0,193.0,198.0
no_spinup,1999,16,5447.0,194.0,198.0
no_spinup,1999,24,5676.0,192.0,198.0
no_spinup,1999,32,5673.0,213.0,198.0
no_spinup,1999,40,5519.0,196.0,198.0
no_spinup,1999,48,5438.0,195.0,198.0
no_spinup,1999,56,5269.0,197.0,198.0
no_spinup,1999,64,5177.0,191.0,198.0
no_spinup,1999,72,4999.0,196.0,198.0
no_spinup,1999,80,4789.0,191.0,198.0
no_spinup,1999,88,4571.0,196.0,198.0
no_spinup,1999,96,4464.0,192.0,198.0
no_spinup,1999,30,5709.0,201.0,198.0
no_spinup,2000,0,5555.0,207.0,198.0
no_spinup,2000,8,5257.0,193.0,198.0
no_spinup,2000,16,5493.0,192.0,198.0
no_spinup,2000,24,5192.0,194.0,198.0
no_spinup,2000,32,5509.0,195.0,198.0
no_spinup,2000,40,5592.0,202.0,198.0
no_spinup,2000,48,5478.0,196.0,198.0
no_spinup,2000,56,5314.0,194.0,198.0
no_spinup,2000,64,5172.0,204.0,198.0
no_spinup,2000,72,5008.0,194.0,198.0
no_spinup,2000,80,4704.0,199.0,198.0
no_spinup,2000,88,4571.0,196.0,198.0
no_spinup,2000,96,4391.0,193.0,198.0
no_spinup,2000,30,5391.0,193.0,198.0
no_spinup,2001,0,5762.0,197.0,198.0
no_spinup,2001,8,5751.0,196.0,198.0
no_spinup,2001,16,5643.0,230.0,198.0
no_spinup,2001,24,5699.0,196.0,198.0
no_spinup,2001,32,5733.0,200.0,198.0
no_spinup,2001,40,5823.0,191.0,198.0
no_spinup,2001,48,5550.0,193.0,198.0
no_spinup,2001,56,5486.0,213.0,198.0
no_spinup,2001,64,5341.0,195.0,198.0
no_spinup,2001,72,5111.0,192.0,198.0
no_spinup,2001,80,4897.0,200.0,198.0
no_spinup,2001,88,4818.0,198.0,198.0
no_spinup,2001,96,4547.0,191.0,198.0
no_spinup,2001,30,5695.0,192.0,198.0
no_spinup,2002,0,4986.0,199.0,198.0
no_spinup,2002,8,4781.0,193.0,198.0
no_spinup,2002,16,4962.0,227.0,198.0
no_spinup,2002,24,5270.0,194.0,198.0
no_spinup,2002,32,5279.0,199.0,198.0
no_spinup,2002,40,5229.0,216.0,198.0
no_spinup,2002,48,5316.0,191.0,198.0
no_spinup,2002,56,5115.0,235.0,198.0
no_spinup,2002,64,4948.0,201.0,198.0
no_spinup,2002,72,4828.0,203.0,198.0
no_spinup,2002,80,4795.0,199.0,198.0
no_spinup,2002,88,4606.0,193.0,198.0
no_spinup,2002,96,4438.0,202.0,198.0
no_spinup,2002,30,5163.0,195.0,198.0
no_spinup,2003,0,5833.0,194.0,198.0
no_spinup,2003,8,5951.0,192.0,198.0
no_spinup,2003,16,5907.0,192.0,198.0
no_spinup,2003,24,5909.0,217.0,198.0
no_spinup,2003,32,5915.0,191.0,198.0
no_spinup,2003,40,6067.0,200.0,198.0
no_spinup,2003,48,6003.0,203.0,198.0
no_spinup,2003,56,5901.0,192.0,198.0
no_spinup,2003,64,5681.0,198.0,198.0
no_spinup,2003,72,5423.0,199.0,198.0
no_spinup,2003,80,5271.0,204.0,198.0
no_spinup,2003,88,5163.0,196.0,198.0
no_spinup,2003,96,4895.0,221.0,198.0
no_spinup,2003,30,5956.0,192.0,198.0
no_spinup,2004,0,5108.0,194.0,198.0
no_spinup,2004,8,5221.0,194.0,198.0
no_spinup,2004,16,5608.0,195.0,198.0
no_spinup,2004,24,5850.0,192.0,198.0
no_spinup,2004,32,5600.0,211.0,198.0
no_spinup,2004,40,5331.0,214.0,198.0
no_spinup,2004,48,4665.0,192.0,198.0
no_spinup,2004,56,4041.0,203.0,198.0
no_spinup,2004,64,3659.0,192.0,198.0
no_spinup,2004,72,3198.0,197.0,198.0
no_spinup,2004,80,2753.0,193.0,198.0
no_spinup,2004,88,2206.0,192.0,198.0
no_spinup,2004,96,1768.0,203.0,198.0
no_spinup,2004,30,5825.0,199.0,198.0
no_spinup,2005,0,2470.0,196.0,198.0
no_spinup,2005,8,2766.0,196.0,198.0
no_spinup,2005,16,3296.0,206.0,198.0
no_spinup,2005,24,3813.0,193.0,198.0
no_spinup,2005,32,4454.0,199.0,198.0
no_spinup,2005,40,4866.0,204.0,198.0
no_spinup,2005,48,5032.0,193.0,198.0
no_spinup,2005,56,5000.0,192.0,198.0
no_spinup,2005,64,4920.0,198.0,198.0
no_spinup,2005,72,4648.0,192.0,198.0
no_spinup,2005,80,4602.0,193.0,198.0
no_spinup,2005,88,4587.0,194.0,198.0
no_spinup,2005,96,4138.0,196.0,198.0
no_spinup,2005,30,4477.0,195.0,198.0
no_spinup,2006,0,5392.0,195.0,198.0
no_spinup,2006,8,5428.0,209.0,198.0
no_spinup,2006,16,5589.0,209.0,198.0
no_spinup,2006,24,5667.0,192.0,198.0
no_spinup,2006,32,5673.0,195.0,198.0
no_spinup,2006,40,5595.0,192.0,198.0
no_spinup,2006,48,5508.0,197.0,198.0
no_spinup,2006,56,5276.0,193.0,198.0
no_spinup,2006,64,5117.0,209.0,198.0
no_spinup,2006,72,5052.0,206.0,198.0
no_spinup,2006,80,4855.0,210.0,198.0
no_spinup,2006,88,4688.0,192.0,198.0
no_spinup,2006,96,4539.0,201.0,198.0
no_spinup,2006,30,5684.0,202.0,198.0
no_spinup,2007,0,5389.0,194.0,198.0
no_spinup,2007,8,5304.0,194.0,198.0
no_spinup,2007,16,5419.0,193.0,198.0
no_spinup,2007,24,5410.0,192.0,198.0
no_spinup,2007,32,5696.0,192.0,198.0
no_spinup,2007,40,5715.0,196.0,198.0
no_spinup,2007,48,5646.0,214.0,198.0
no_spinup,2007,56,5468.0,223.0,198.0
no_spinup,2007,64,5284.0,200.0,198.0
no_spinup,2007,72,5084.0,196.0,198.0
no_spinup,2007,80,4958.0,197.0,198.0
no_spinup,2007,88,4639.0,204.0,198.0
no_spinup,2007,96,4451.0,196.0,198.0
no_spinup,2007,30,5637.0,202.0,198.0
no_spinup,2008,0,3437.0,195.0,198.0
no_spinup,2008,8,3312.0,193.0,198.0
no_spinup,2008,16,3268.0,227.0,198.0
no_spinup,2008,24,3475.0,194.0,198.0
no_spinup,2008,32,3972.0,210.0,198.0
no_spinup,2008,40,4690.0,201.0,198.0
no_spinup,2008,48,5078.0,213.0,198.0
no_spinup,2008,56,5301.0,201.0,198.0
no_spinup,2008,64,5236.0,192.0,198.0
no_spinup,2008,72,5119.0,192.0,198.0
no_spinup,2008,80,5031.0,191.0,198.0
no_spinup,2008,88,4890.0,193.0,198.0
no_spinup,2008,96,4521.0,191.0,198.0
no_spinup,2008,30,3821.0,200.0,198.0
no_spinup,2009,0,5549.0,193.0,198.0
no_spinup,2009,8,5327.0,223.0,198.0
no_spinup,2009,16,5446.0,194.0,198.0
no_spinup,2009,24,5293.0,194.0,198.0
no_spinup,2009,32,5214.0,218.0,198.0
no_spinup,2009,40,5121.0,194.0,198.0
no_spinup,2009,48,5095.0,191.0,198.0
no_spinup,2009,56,5049.0,205.0,198.0
no_spinup,2009,64,4958.0,192.0,198.0
no_spinup,2009,72,4920.0,197.0,198.0
no_spinup,2009,80,4691.0,196.0,198.0
no_spinup,2009,88,4441.0,212.0,198.0
no_spinup,2009,96,4173.0,191.0,198.0
no_spinup,2009,30,5231.0,205.0,198.0
no_spinup,2010,0,5730.0,192.0,198.0
no_spinup,2010,8,5827.0,207.0,198.0
no_spinup,2010,16,5689.0,214.0,198.0
no_spinup,2010,24,5746.0,192.0,198.0
no_spinup,2010,32,5621.0,207.0,198.0
no_spinup,2010,40,5446.0,205.0,198.0
no_spinup,2010,48,5453.0,191.0,198.0
no_spinup,2010,56,5329.0,199.0,198.0
no_spinup,2010,64,5213.0,191.0,198.0
no_spinup,2010,72,5044.0,191.0,198.0
no_spinup,2010,80,4749.0,215.0,198.0
no_spinup,2010,88,4494.0,202.0,198.0
no_spinup,2010,96,4307.0,193.0,198.0
no_spinup,2010,30,5690.0,217.0,198.0
no_spinup,2011,0,6102.0,194.0,198.0
no_spinup,2011,8,6031.0,202.0,198.0
no_spinup,2011,16,6307.0,201.0,198.0
no_spinup,2011,24,6453.0,203.0,198.0
no_spinup,2011,32,6269.0,193.0,198.0
no_spinup,2011,40,6185.0,202.0,198.0
no_spinup,2011,48,6104.0,192.0,198.0
no_spinup,2011,56,5949.0,192.0,198.0
no_spinup,2011,64,5806.0,192.0,198.0
no_spinup,2011,72,5562.0,197.0,198.0
no_spinup,2011,80,5082.0,191.0,198.0
no_spinup,2011,88,4590.0,196.0,198.0
no_spinup,2011,96,4486.0,190.0,198.0
no_spinup,2011,30,6325.0,214.0,198.0
no_spinup,2012,0,5914.0,192.0,198.0
no_spinup,2012,8,5857.0,192.0,198.0
no_spinup,2012,16,5889.0,197.0,198.0
no_spinup,2012,24,5981.0,192.0,198.0
no_spinup,2012,32,5784.0,193.0,198.0
no_spinup,2012,40,5404.0,205.0,198.0
no_spinup,2012,48,5347.0,196.0,198.0
no_spinup,2012,56,5248.0,197.0,198.0
no_spinup,2012,64,5174.0,191.0,198.0
no_spinup,2012,72,4802.0,193.0,198.0
no_spinup,2012,80,4481.0,191.0,198.0
no_spinup,2012,88,4261.0,194.0,198.0
no_spinup,2012,96,4030.0,194.0,198.0
no_spinup,2012,30,5830.0,192.0,198.0
no_spinup,2013,0,5114.0,193.0,198.0
no_spinup,2013,8,4933.0,201.0,198.0
no_spinup,2013,16,4783.0,202.0,198.0
no_spinup,2013,24,4334.0,192.0,198.0
no_spinup,2013,32,3885.0,198.0,198.0
no_spinup,2013,40,3876.0,195.0,198.0
no_spinup,2013,48,3767.0,193.0,198.0
no_spinup,2013,56,4075.0,191.0,198.0
no_spinup,2013,64,4635.0,193.0,198.0
no_spinup,2013,72,4636.0,193.0,198.0
no_spinup,2013,80,4362.0,191.0,198.0
no_spinup,2013,88,4275.0,192.0,198.0
no_spinup,2013,96,3706.0,191.0,198.0
no_spinup,2013,30,3927.0,198.0,198.0
no_spinup,2014,0,5830.0,197.0,198.0
no_spinup,2014,8,5827.0,192.0,198.0
no_spinup,2014,16,5960.0,199.0,198.0
no_spinup,2014,24,5881.0,192.0,198.0
no_spinup,2014,32,5857.0,200.0,198.0
no_spinup,2014,40,5828.0,197.0,198.0
no_spinup,2014,48,5768.0,194.0,198.0
no_spinup,2014,56,5545.0,191.0,198.0
no_spinup,2014,64,5262.0,191.0,198.0
no_spinup,2014,72,5194.0,194.0,198.0
no_spinup,2014,80,4859.0,198.0,198.0
no_spinup,2014,88,4732.0,232.0,198.0
no_spinup,2014,96,4514.0,192.0,198.0
no_spinup,2014,30,5880.0,192.0,198.0
no_spinup,2015,0,4476.0,193.0,198.0
no_spinup,2015,8,4965.0,192.0,198.0
no_spinup,2015,16,5385.0,194.0,198.0
no_spinup,2015,24,5506.0,220.0,198.0
no_spinup,2015,32,5247.0,197.0,198.0
no_spinup,2015,40,5239.0,195.0,198.0
no_spinup,2015,48,5258.0,198.0,198.0
no_spinup,2015,56,5091.0,202.0,198.0
no_spinup,2015,64,4899.0,195.0,198.0
no_spinup,2015,72,4904.0,194.0,198.0
no_spinup,2015,80,4732.0,199.0,198.0
no_spinup,2015,88,4625.0,201.0,198.0
no_spinup,2015,96,4031.0,211.0,198.0
no_spinup,2015,30,5180.0,192.0,198.0
no_spinup,2016,0,5991.0,193.0,198.0
no_spinup,2016,8,6044.0,192.0,198.0
no_spinup,2016,16,5901.0,194.0,198.0
no_spinup,2016,24,6020.0,192.0,198.0
no_spinup,2016,32,6115.0,192.0,198.0
no_spinup,2016,40,6037.0,202.0,198.0
no_spinup,2016,48,5814.0,200.0,198.0
no_spinup,2016,56,5699.0,192.0,198.0
no_spinup,2016,64,5419.0,191.0,198.0
no_spinup,2016,72,5202.0,196.0,198.0
no_spinup,2016,80,4959.0,194.0,198.0
no_spinup,2016,88,4773.0,202.0,198.0
no_spinup,2016,96,4552.0,211.0,198.0
no_spinup,2016,30,6028.0,194.0,198.0
no_spinup,2017,0,5207.0,192.0,198.0
no_spinup,2017,8,5416.0,197.0,198.0
no_spinup,2017,16,5638.0,195.0,198.0
no_spinup,2017,24,6010.0,197.0,198.0
no_spinup,2017,32,5762.0,192.0,198.0
no_spinup,2017,40,5546.0,223.0,198.0
no_spinup,2017,48,5483.0,191.0,198.0
no_spinup,2017,56,5394.0,220.0,198.0
no_spinup,2017,64,5275.0,216.0,198.0
no_spinup,2017,72,5155.0,204.0,198.0
no_spinup,2017,80,4936.0,196.0,198.0
no_spinup,2017,88,4609.0,194.0,198.0
no_spinup,2017,96,4379.0,202.0,198.0
no_spinup,2017,30,5831.0,194.0,198.0
no_spinup,2018,0,2993.0,196.0,198.0
no_spinup,2018,8,3180.0,192.0,198.0
no_spinup,2018,16,3777.0,195.0,198.0
no_spinup,2018,24,4546.0,196.0,198.0
no_spinup,2018,32,4811.0,219.0,198.0
no_spinup,2018,40,5337.0,202.0,198.0
no_spinup,2018,48,5545.0,193.0,198.0
no_spinup,2018,56,5569.0,194.0,198.0
no_spinup,2018,64,5441.0,205.0,198.0
no_spinup,2018,72,5204.0,192.0,198.0
no_spinup,2018,80,4997.0,191.0,198.0
no_spinup,2018,88,4684.0,191.0,198.0
no_spinup,2018,96,4513.0,193.0,198.0
no_spinup,2018,30,4852.0,202.0,198.0
no_spinup,2019,0,5856.0,192.0,198.0
no_spinup,2019,8,5401.0,193.0,198.0
no_spinup,2019,16,5142.0,192.0,198.0
no_spinup,2019,24,5229.0,191.0,198.0
no_spinup,2019,32,5458.0,193.0,198.0
no_spinup,2019,40,5203.0,191.0,198.0
no_spinup,2019,48,5192.0,191.0,198.0
no_spinup,2019,56,5181.0,212.0,198.0
no_spinup,2019,64,4992.0,191.0,198.0
no_spinup,2019,72,4717.0,211.0,198.0
no_spinup,2019,80,4407.0,196.0,198.0
no_spinup,2019,88,4073.0,192.0,198.0
no_spinup,2019,96,3644.0,199.0,198.0
no_spinup,2019,30,5459.0,204.0,198.0
no_spinup,2020,0,3884.0,194.0,198.0
no_spinup,2020,8,3950.0,193.0,198.0
no_spinup,2020,16,4749.0,192.0,198.0
no_spinup,2020,24,5502.0,211.0,198.0
no_spinup,2020,32,5883.0,192.0,198.0
no_spinup,2020,40,5670.0,194.0,198.0
no_spinup,2020,48,5374.0,191.0,198.0
no_spinup,2020,56,5122.0,196.0,198.0
no_spinup,2020,64,5107.0,210.0,198.0
no_spinup,2020,72,5287.0,194.0,198.0
no_spinup,2020,80,5072.0,203.0,198.0
no_spinup,2020,88,4971.0,192.0,198.0
no_spinup,2020,96,4673.0,196.0,198.0
no_spinup,2020,30,5936.0,208.0,198.0
no_spinup,2021,0,2207.0,198.0,198.0
no_spinup,2021,8,2570.0,192.0,198.0
no_spinup,2021,16,2886.0,208.0,198.0
no_spinup,2021,24,3867.0,203.0,198.0
no_spinup,2021,32,4340.0,203.0,198.0
no_spinup,2021,40,4480.0,192.0,198.0
no_spinup,2021,48,4990.0,193.0,198.0
no_spinup,2021,56,5254.0,193.0,198.0
no_spinup,2021,64,5690.0,201.0,198.0
no_spinup,2021,72,5350.0,206.0,198.0
no_spinup,2021,80,5130.0,191.0,198.0
no_spinup,2021,88,4912.0,192.0,198.0
no_spinup,2021,96,4639.0,191.0,198.0
no_spinup,2021,30,4207.0,226.0,198.0
no_spinup,2022,0,6346.0,199.0,198.0
no_spinup,2022,8,6201.0,192.0,198.0
no_spinup,2022,16,6142.0,195.0,198.0
no_spinup,2022,24,5960.0,193.0,198.0
no_spinup,2022,32,5835.0,194.0,198.0
no_spinup,2022,40,5759.0,191.0,198.0
no_spinup,2022,48,5698.0,196.0,198.0
no_spinup,2022,56,5531.0,191.0,198.0
no_spinup,2022,64,5217.0,191.0,198.0
no_spinup,2022,72,5257.0,195.0,198.0
no_spinup,2022,80,4666.0,201.0,198.0
no_spinup,2022,88,4676.0,211.0,198.0
no_spinup,2022,96,4758.0,193.0,198.0
no_spinup,2022,30,5779.0,202.0,198.0
no_spinup,2023,0,3573.0,193.0,198.0
no_spinup,2023,8,3136.0,192.0,198.0
no_spinup,2023,16,3468.0,202.0,198.0
no_spinup,2023,24,3373.0,193.0,198.0
no_spinup,2023,32,3110.0,209.0,198.0
no_spinup,2023,40,2832.0,199.0,198.0
no_spinup,2023,48,2713.0,196.0,198.0
no_spinup,2023,56,3105.0,192.0,198.0
no_spinup,2023,64,3106.0,199.0,198.0
no_spinup,2023,72,3510.0,196.0,198.0
no_spinup,2023,80,4091.0,200.0,198.0
no_spinup,2023,88,4122.0,191.0,198.0
no_spinup,2023,96,3855.0,191.0,198.0
no_spinup,2023,30,3231.0,193.0,198.0
no_spinup,2024,0,5037.0,236.0,198.0
no_spinup,2024,8,5651.0,193.0,198.0
no_spinup,2024,16,5262.0,192.0,198.0
no_spinup,2024,24,5354.0,208.0,198.0
no_spinup,2024,32,5585.0,192.0,198.0
no_spinup,2024,40,5799.0,202.0,198.0
no_spinup,2024,48,5715.0,217.0,198.0
no_spinup,2024,56,5748.0,192.0,198.0
no_spinup,2024,64,5386.0,191.0,198.0
no_spinup,2024,72,5303.0,191.0,198.0
no_spinup,2024,80,5375.0,196.0,198.0
no_spinup,2024,88,5200.0,191.0,198.0
no_spinup,2024,96,4632.0,203.0,198.0
no_spinup,2024,30,5569.0,199.0,198.0
