seed,file,size_bytes,sha256
42,outputs/ppo_castro_frozen_multiseed_seed42_resume.log,312,c6cf888bb06f74644b762251c71c796f0b9641f06fd91128c1d122114e072f5f
42,outputs/ppo_castro_frozen_multiseed_seed42_resume_stderr.log,1404,241736635969f775580d45f973576d97cfb45057b065a3230cfa85ee172cf82b
42,outputs/ppo_castro_frozen_multiseed_seed42_resume_stdout.log,11549214,664e2c732b5f60e79a4696908be1f39d930d1a0902b032a9fc4d586aa950d17d
43,outputs/ppo_castro_frozen_multiseed_seed43.log,298,4861180952272dc470c758dd4214f1bf065445ce8b35bf487b7d3810d75a0ca0
43,outputs/ppo_castro_frozen_multiseed_seed43_stderr.log,1404,9c8cdf75992819520cd72204b52ce183e2f19eb87ba0c6839720a763d4167e10
43,outputs/ppo_castro_frozen_multiseed_seed43_stdout.log,41054350,83ee3143b6d3c44b64c850dd34d76ff58e6612673f5fe3e20e220488842a173c
43,outputs/ppo_castro_frozen_multiseed_seed43_stdout.log,41054350,83ee3143b6d3c44b64c850dd34d76ff58e6612673f5fe3e20e220488842a173c
43,outputs/ppo_castro_frozen_multiseed_seed43_stderr.log,1404,9c8cdf75992819520cd72204b52ce183e2f19eb87ba0c6839720a763d4167e10
44,outputs/ppo_castro_frozen_multiseed_seed44.log,298,3db7b7f77a4c1886f2f9fce2a0a78922163c7e7fc9b37390a1339afe2d952e7a
44,outputs/ppo_castro_frozen_multiseed_seed44_stderr.log,1404,9ac2daa0589a7338cfdbd894186f6cdad000e434edc070046d97d7c9681aedbd
44,outputs/ppo_castro_frozen_multiseed_seed44_stdout.log,14114860,c0083a762c5265bccd472b2b6e7f200e1bdedf9cb6c094924e0f484dd5d1039e
44,outputs/ppo_castro_frozen_multiseed_seed44_stdout.log,14114860,c0083a762c5265bccd472b2b6e7f200e1bdedf9cb6c094924e0f484dd5d1039e
44,outputs/ppo_castro_frozen_multiseed_seed44_stderr.log,1404,9ac2daa0589a7338cfdbd894186f6cdad000e434edc070046d97d7c9681aedbd
45,outputs/ppo_castro_frozen_multiseed_seed45.log,298,2acf4f8db2f65f36c075a1030ee197ac39904cfbd7f79af4ef7814b85d0fe727
45,outputs/ppo_castro_frozen_multiseed_seed45_stderr.log,1404,549dd632a59aaf2896833e4f236ccab7b2d067a4012523c250eb591b1adc5172
45,outputs/ppo_castro_frozen_multiseed_seed45_stdout.log,23094470,fe0a51b3f375c7d9493535b0f4cc4914b5c875557d7fed1f0b5215b9f638cbb8
45,outputs/ppo_castro_frozen_multiseed_seed45_stdout.log,23094470,fe0a51b3f375c7d9493535b0f4cc4914b5c875557d7fed1f0b5215b9f638cbb8
45,outputs/ppo_castro_frozen_multiseed_seed45_stderr.log,1404,549dd632a59aaf2896833e4f236ccab7b2d067a4012523c250eb591b1adc5172
46,outputs/ppo_castro_frozen_multiseed_seed46.log,298,2f8cf3488669a566429ea429922cf31c5f9eb8a25a2d07993aaa7b298be2c5be
46,outputs/ppo_castro_frozen_multiseed_seed46_stderr.log,1404,e69c9aa744c5427bb8af03817ed942e8a43ec4841a99d0bf2c8dfdcd326c93c6
46,outputs/ppo_castro_frozen_multiseed_seed46_stdout.log,24376990,9333de25d0335f483f54162cf97c4e715aac0978c80c7bb669179cbdd8b702a9
46,outputs/ppo_castro_frozen_multiseed_seed46_stdout.log,24376990,9333de25d0335f483f54162cf97c4e715aac0978c80c7bb669179cbdd8b702a9
46,outputs/ppo_castro_frozen_multiseed_seed46_stderr.log,1404,e69c9aa744c5427bb8af03817ed942e8a43ec4841a99d0bf2c8dfdcd326c93c6
