split,year,seed,ppo_yield,ppo_irrig,ppo_reward,base_yield,base_irrig,base_reward,baseline,d_reward,d_yield,d_irrig
test,2021,42,3871.306313280874,0.0,0.921739598400208,3863.649115078605,0.0,0.9199164559710964,early_sep25_moderate_irrig,0.001823142429111635,7.6571982022687735,0.0
test,2022,42,3906.0236864505455,0.0,0.9300056396310824,3904.564620575443,0.0,0.9296582429941532,early_sep25_moderate_irrig,0.0003473966369291759,1.459065875102624,0.0
test,2023,42,3942.09798864563,0.0,0.9385947592013404,3926.662266959352,54.0,0.8539195873712744,early_sep25_moderate_irrig,0.08467517183006601,15.435721686277702,-54.0
test,2024,42,3937.4584506894817,0.0,0.9374901073070194,3923.659128804088,18.0,0.907204554477164,early_sep25_moderate_irrig,0.030285552829855455,13.79932188539351,-18.0
valid,2017,42,3739.125654633677,0.0,0.8902680130080184,3733.950047419684,18.0,0.8620357255761153,early_sep25_moderate_irrig,0.02823228743190309,5.175607213993317,-18.0
valid,2018,42,3785.0834821848,0.0,0.9012103529011428,3757.0496486751954,18.0,0.8675356306369513,early_sep25_moderate_irrig,0.03367472226419155,28.033833509604392,-18.0
valid,2019,42,3783.940925765628,0.0,0.9009383156584828,3767.999092138855,18.0,0.8701426409854416,early_sep25_moderate_irrig,0.03079567467304123,15.941833626773132,-18.0
valid,2020,42,3833.867799077797,0.0,0.9128256664470944,3828.919014963576,0.0,0.911647384515137,early_sep25_moderate_irrig,0.0011782819319573479,4.948784114220871,0.0
test,2021,42,3871.306313280874,0.0,0.921739598400208,3861.896436753094,0.0,0.9194991516078797,fixed_calendar_oct15_moderate_irrig,0.0022404467923283766,9.409876527779943,0.0
test,2022,42,3906.0236864505455,0.0,0.9300056396310824,3901.561398023135,0.0,0.9289431900055084,fixed_calendar_oct15_moderate_irrig,0.0010624496255740024,4.462288427410385,0.0
test,2023,42,3942.09798864563,0.0,0.9385947592013404,3907.5939853685554,72.0,0.8223795203258465,fixed_calendar_oct15_moderate_irrig,0.1162152388754939,34.50400327707439,-72.0
test,2024,42,3937.4584506894817,0.0,0.9374901073070194,3899.0724763850353,54.0,0.8473505896154846,fixed_calendar_oct15_moderate_irrig,0.09013951769153483,38.385974304446336,-54.0
valid,2017,42,3739.125654633677,0.0,0.8902680130080184,3713.117737211407,54.0,0.8030756517170017,fixed_calendar_oct15_moderate_irrig,0.0871923612910167,26.00791742227011,-54.0
valid,2018,42,3785.0834821848,0.0,0.9012103529011428,3747.91104147763,36.0,0.8383597717803881,fixed_calendar_oct15_moderate_irrig,0.0628505811207547,37.1724407071697,-36.0
valid,2019,42,3783.940925765628,0.0,0.9009383156584828,3748.709098832031,72.0,0.7845497854361979,fixed_calendar_oct15_moderate_irrig,0.1163885302222849,35.23182693359695,-72.0
valid,2020,42,3833.867799077797,0.0,0.9128256664470944,3829.4274048148186,0.0,0.911768429717814,fixed_calendar_oct15_moderate_irrig,0.0010572367292803753,4.440394262978316,0.0
test,2021,42,3871.306313280874,0.0,0.921739598400208,3863.973055354512,0.0,0.9199935846082168,late_nov10_moderate_irrig,0.001746013791991241,7.333257926361966,0.0
test,2022,42,3906.0236864505455,0.0,0.9300056396310824,3900.0683500259033,0.0,0.92858770238712,late_nov10_moderate_irrig,0.0014179372439624416,5.955336424642155,0.0
test,2023,42,3942.09798864563,0.0,0.9385947592013404,3903.424418388428,90.0,0.7943867662829589,late_nov10_moderate_irrig,0.1442079929183815,38.673570257201845,-90.0
test,2024,42,3937.4584506894817,0.0,0.9374901073070194,3892.819492295927,90.0,0.7918617838799826,late_nov10_moderate_irrig,0.1456283234270368,44.63895839355473,-90.0
valid,2017,42,3739.125654633677,0.0,0.8902680130080184,3709.321287754789,54.0,0.8021717351797116,late_nov10_moderate_irrig,0.08809627782830676,29.80436687888823,-54.0
valid,2018,42,3785.0834821848,0.0,0.9012103529011428,3764.779896002884,18.0,0.8693761657149722,late_nov10_moderate_irrig,0.03183418718617059,20.30358618191576,-18.0
valid,2019,42,3783.940925765628,0.0,0.9009383156584828,3742.686931008248,90.0,0.7561159359543447,late_nov10_moderate_irrig,0.14482237970413814,41.25399475738004,-90.0
valid,2020,42,3833.867799077797,0.0,0.9128256664470944,3828.8976000168464,0.0,0.9116422857182968,late_nov10_moderate_irrig,0.001183380728797645,4.970199060950563,0.0
test,2021,42,3871.306313280874,0.0,0.921739598400208,3861.896436753094,0.0,0.9194991516078797,rainfed_calendar_oct15,0.0022404467923283766,9.409876527779943,0.0
test,2022,42,3906.0236864505455,0.0,0.9300056396310824,3901.561398023135,0.0,0.9289431900055084,rainfed_calendar_oct15,0.0010624496255740024,4.462288427410385,0.0
test,2023,42,3942.09798864563,0.0,0.9385947592013404,3932.6130691300814,0.0,0.9363364450309718,rainfed_calendar_oct15,0.0022583141703685916,9.484919515548427,0.0
test,2024,42,3937.4584506894817,0.0,0.9374901073070194,3935.982709653766,0.0,0.9371387403937538,rainfed_calendar_oct15,0.0003513669132656494,1.4757410357156004,0.0
valid,2017,42,3739.125654633677,0.0,0.8902680130080184,3737.139749180729,0.0,0.8897951783763641,rainfed_calendar_oct15,0.000472834631654262,1.9859054529483728,0.0
valid,2018,42,3785.0834821848,0.0,0.9012103529011428,3761.0307360990455,0.0,0.8954835085950108,rainfed_calendar_oct15,0.005726844306132017,24.05274608575428,0.0
valid,2019,42,3783.940925765628,0.0,0.9009383156584828,3770.872148488374,0.0,0.8978267020210414,rainfed_calendar_oct15,0.0031116136374413905,13.068777277253957,0.0
valid,2020,42,3833.867799077797,0.0,0.9128256664470944,3829.4274048148186,0.0,0.911768429717814,rainfed_calendar_oct15,0.0010572367292803753,4.440394262978316,0.0
test,2021,43,3863.300404973329,0.0,0.9198334297555544,3863.649115078605,0.0,0.9199164559710964,early_sep25_moderate_irrig,-8.302621554201473e-05,-0.34871010527604085,0.0
test,2022,43,3901.359147721618,0.0,0.9288950351718136,3904.564620575443,0.0,0.9296582429941532,early_sep25_moderate_irrig,-0.0007632078223396288,-3.2054728538250856,0.0
test,2023,43,3942.09798864563,0.0,0.9385947592013404,3926.662266959352,54.0,0.8539195873712744,early_sep25_moderate_irrig,0.08467517183006601,15.435721686277702,-54.0
test,2024,43,3937.4584506894817,0.0,0.9374901073070194,3923.659128804088,18.0,0.907204554477164,early_sep25_moderate_irrig,0.030285552829855455,13.79932188539351,-18.0
valid,2017,43,3739.125654633677,0.0,0.8902680130080184,3733.950047419684,18.0,0.8620357255761153,early_sep25_moderate_irrig,0.02823228743190309,5.175607213993317,-18.0
valid,2018,43,3785.0834821848,0.0,0.9012103529011428,3757.0496486751954,18.0,0.8675356306369513,early_sep25_moderate_irrig,0.03367472226419155,28.033833509604392,-18.0
valid,2019,43,3783.940925765628,0.0,0.9009383156584828,3767.999092138855,18.0,0.8701426409854416,early_sep25_moderate_irrig,0.03079567467304123,15.941833626773132,-18.0
valid,2020,43,3833.867799077797,0.0,0.9128256664470944,3828.919014963576,0.0,0.911647384515137,early_sep25_moderate_irrig,0.0011782819319573479,4.948784114220871,0.0
test,2021,43,3863.300404973329,0.0,0.9198334297555544,3861.896436753094,0.0,0.9194991516078797,fixed_calendar_oct15_moderate_irrig,0.00033427814767472697,1.4039682202351287,0.0
test,2022,43,3901.359147721618,0.0,0.9288950351718136,3901.561398023135,0.0,0.9289431900055084,fixed_calendar_oct15_moderate_irrig,-4.8154833694802335e-05,-0.20225030151732426,0.0
test,2023,43,3942.09798864563,0.0,0.9385947592013404,3907.5939853685554,72.0,0.8223795203258465,fixed_calendar_oct15_moderate_irrig,0.1162152388754939,34.50400327707439,-72.0
test,2024,43,3937.4584506894817,0.0,0.9374901073070194,3899.0724763850353,54.0,0.8473505896154846,fixed_calendar_oct15_moderate_irrig,0.09013951769153483,38.385974304446336,-54.0
valid,2017,43,3739.125654633677,0.0,0.8902680130080184,3713.117737211407,54.0,0.8030756517170017,fixed_calendar_oct15_moderate_irrig,0.0871923612910167,26.00791742227011,-54.0
valid,2018,43,3785.0834821848,0.0,0.9012103529011428,3747.91104147763,36.0,0.8383597717803881,fixed_calendar_oct15_moderate_irrig,0.0628505811207547,37.1724407071697,-36.0
valid,2019,43,3783.940925765628,0.0,0.9009383156584828,3748.709098832031,72.0,0.7845497854361979,fixed_calendar_oct15_moderate_irrig,0.1163885302222849,35.23182693359695,-72.0
valid,2020,43,3833.867799077797,0.0,0.9128256664470944,3829.4274048148186,0.0,0.911768429717814,fixed_calendar_oct15_moderate_irrig,0.0010572367292803753,4.440394262978316,0.0
test,2021,43,3863.300404973329,0.0,0.9198334297555544,3863.973055354512,0.0,0.9199935846082168,late_nov10_moderate_irrig,-0.0001601548526624086,-0.6726503811828479,0.0
test,2022,43,3901.359147721618,0.0,0.9288950351718136,3900.0683500259033,0.0,0.92858770238712,late_nov10_moderate_irrig,0.0003073327846936369,1.2907976957144456,0.0
test,2023,43,3942.09798864563,0.0,0.9385947592013404,3903.424418388428,90.0,0.7943867662829589,late_nov10_moderate_irrig,0.1442079929183815,38.673570257201845,-90.0
test,2024,43,3937.4584506894817,0.0,0.9374901073070194,3892.819492295927,90.0,0.7918617838799826,late_nov10_moderate_irrig,0.1456283234270368,44.63895839355473,-90.0
valid,2017,43,3739.125654633677,0.0,0.8902680130080184,3709.321287754789,54.0,0.8021717351797116,late_nov10_moderate_irrig,0.08809627782830676,29.80436687888823,-54.0
valid,2018,43,3785.0834821848,0.0,0.9012103529011428,3764.779896002884,18.0,0.8693761657149722,late_nov10_moderate_irrig,0.03183418718617059,20.30358618191576,-18.0
valid,2019,43,3783.940925765628,0.0,0.9009383156584828,3742.686931008248,90.0,0.7561159359543447,late_nov10_moderate_irrig,0.14482237970413814,41.25399475738004,-90.0
valid,2020,43,3833.867799077797,0.0,0.9128256664470944,3828.8976000168464,0.0,0.9116422857182968,late_nov10_moderate_irrig,0.001183380728797645,4.970199060950563,0.0
test,2021,43,3863.300404973329,0.0,0.9198334297555544,3861.896436753094,0.0,0.9194991516078797,rainfed_calendar_oct15,0.00033427814767472697,1.4039682202351287,0.0
test,2022,43,3901.359147721618,0.0,0.9288950351718136,3901.561398023135,0.0,0.9289431900055084,rainfed_calendar_oct15,-4.8154833694802335e-05,-0.20225030151732426,0.0
test,2023,43,3942.09798864563,0.0,0.9385947592013404,3932.6130691300814,0.0,0.9363364450309718,rainfed_calendar_oct15,0.0022583141703685916,9.484919515548427,0.0
test,2024,43,3937.4584506894817,0.0,0.9374901073070194,3935.982709653766,0.0,0.9371387403937538,rainfed_calendar_oct15,0.0003513669132656494,1.4757410357156004,0.0
valid,2017,43,3739.125654633677,0.0,0.8902680130080184,3737.139749180729,0.0,0.8897951783763641,rainfed_calendar_oct15,0.000472834631654262,1.9859054529483728,0.0
valid,2018,43,3785.0834821848,0.0,0.9012103529011428,3761.0307360990455,0.0,0.8954835085950108,rainfed_calendar_oct15,0.005726844306132017,24.05274608575428,0.0
valid,2019,43,3783.940925765628,0.0,0.9009383156584828,3770.872148488374,0.0,0.8978267020210414,rainfed_calendar_oct15,0.0031116136374413905,13.068777277253957,0.0
valid,2020,43,3833.867799077797,0.0,0.9128256664470944,3829.4274048148186,0.0,0.911768429717814,rainfed_calendar_oct15,0.0010572367292803753,4.440394262978316,0.0
test,2021,44,3861.994563552106,0.0,0.9195225151314538,3863.649115078605,0.0,0.9199164559710964,early_sep25_moderate_irrig,-0.0003939408396426147,-1.65455152649929,0.0
test,2022,44,3900.09939593022,0.0,0.9285950942691,3904.564620575443,0.0,0.9296582429941532,early_sep25_moderate_irrig,-0.001063148725053198,-4.465224645222861,0.0
test,2023,44,3926.73658440143,0.0,0.9349372820003404,3926.662266959352,54.0,0.8539195873712744,early_sep25_moderate_irrig,0.08101769462906605,0.07431744207769952,-54.0
test,2024,44,3933.731070745367,0.0,0.936602635891754,3923.659128804088,18.0,0.907204554477164,early_sep25_moderate_irrig,0.029398081414589994,10.071941941278965,-18.0
valid,2017,44,3734.867053198518,0.0,0.8892540602853615,3733.950047419684,18.0,0.8620357255761153,early_sep25_moderate_irrig,0.027218334709246172,0.9170057788342092,-18.0
valid,2018,44,3765.33431154205,0.0,0.896508169414774,3757.0496486751954,18.0,0.8675356306369513,early_sep25_moderate_irrig,0.028972538777822687,8.284662866854433,-18.0
valid,2019,44,3769.4341246962776,0.0,0.8974843154038756,3767.999092138855,18.0,0.8701426409854416,early_sep25_moderate_irrig,0.027341674418434048,1.435032557422801,-18.0
valid,2020,44,3836.062573322368,0.0,0.9133482317434206,3828.919014963576,0.0,0.911647384515137,early_sep25_moderate_irrig,0.001700847228283564,7.143558358791779,0.0
test,2021,44,3861.994563552106,0.0,0.9195225151314538,3861.896436753094,0.0,0.9194991516078797,fixed_calendar_oct15_moderate_irrig,2.3363523574126965e-05,0.09812679901187948,0.0
test,2022,44,3900.09939593022,0.0,0.9285950942691,3901.561398023135,0.0,0.9289431900055084,fixed_calendar_oct15_moderate_irrig,-0.00034809573640837144,-1.4620020929150996,0.0
test,2023,44,3926.73658440143,0.0,0.9349372820003404,3907.5939853685554,72.0,0.8223795203258465,fixed_calendar_oct15_moderate_irrig,0.11255776167449394,19.142599032874386,-72.0
test,2024,44,3933.731070745367,0.0,0.936602635891754,3899.0724763850353,54.0,0.8473505896154846,fixed_calendar_oct15_moderate_irrig,0.08925204627626937,34.65859436033179,-54.0
valid,2017,44,3734.867053198518,0.0,0.8892540602853615,3713.117737211407,54.0,0.8030756517170017,fixed_calendar_oct15_moderate_irrig,0.08617840856835979,21.749315987111004,-54.0
valid,2018,44,3765.33431154205,0.0,0.896508169414774,3747.91104147763,36.0,0.8383597717803881,fixed_calendar_oct15_moderate_irrig,0.05814839763438584,17.42327006441974,-36.0
valid,2019,44,3769.4341246962776,0.0,0.8974843154038756,3748.709098832031,72.0,0.7845497854361979,fixed_calendar_oct15_moderate_irrig,0.11293452996767772,20.725025864246618,-72.0
valid,2020,44,3836.062573322368,0.0,0.9133482317434206,3829.4274048148186,0.0,0.911768429717814,fixed_calendar_oct15_moderate_irrig,0.0015798020256065914,6.635168507549224,0.0
test,2021,44,3861.994563552106,0.0,0.9195225151314538,3863.973055354512,0.0,0.9199935846082168,late_nov10_moderate_irrig,-0.0004710694767630086,-1.9784918024060971,0.0
test,2022,44,3900.09939593022,0.0,0.9285950942691,3900.0683500259033,0.0,0.92858770238712,late_nov10_moderate_irrig,7.391881980067794e-06,0.031045904316670203,0.0
test,2023,44,3926.73658440143,0.0,0.9349372820003404,3903.424418388428,90.0,0.7943867662829589,late_nov10_moderate_irrig,0.14055051571738153,23.312166013001843,-90.0
test,2024,44,3933.731070745367,0.0,0.936602635891754,3892.819492295927,90.0,0.7918617838799826,late_nov10_moderate_irrig,0.14474085201177134,40.911578449440185,-90.0
valid,2017,44,3734.867053198518,0.0,0.8892540602853615,3709.321287754789,54.0,0.8021717351797116,late_nov10_moderate_irrig,0.08708232510564984,25.545765443729124,-54.0
valid,2018,44,3765.33431154205,0.0,0.896508169414774,3764.779896002884,18.0,0.8693761657149722,late_nov10_moderate_irrig,0.027132003699801732,0.5544155391658023,-18.0
valid,2019,44,3769.4341246962776,0.0,0.8974843154038756,3742.686931008248,90.0,0.7561159359543447,late_nov10_moderate_irrig,0.14136837944953096,26.74719368802971,-90.0
valid,2020,44,3836.062573322368,0.0,0.9133482317434206,3828.8976000168464,0.0,0.9116422857182968,late_nov10_moderate_irrig,0.0017059460251238612,7.164973305521471,0.0
test,2021,44,3861.994563552106,0.0,0.9195225151314538,3861.896436753094,0.0,0.9194991516078797,rainfed_calendar_oct15,2.3363523574126965e-05,0.09812679901187948,0.0
test,2022,44,3900.09939593022,0.0,0.9285950942691,3901.561398023135,0.0,0.9289431900055084,rainfed_calendar_oct15,-0.00034809573640837144,-1.4620020929150996,0.0
test,2023,44,3926.73658440143,0.0,0.9349372820003404,3932.6130691300814,0.0,0.9363364450309718,rainfed_calendar_oct15,-0.0013991630306313674,-5.876484728651576,0.0
test,2024,44,3933.731070745367,0.0,0.936602635891754,3935.982709653766,0.0,0.9371387403937538,rainfed_calendar_oct15,-0.0005361045019998123,-2.251638908398945,0.0
valid,2017,44,3734.867053198518,0.0,0.8892540602853615,3737.139749180729,0.0,0.8897951783763641,rainfed_calendar_oct15,-0.000541118091002657,-2.2726959822107347,0.0
valid,2018,44,3765.33431154205,0.0,0.896508169414774,3761.0307360990455,0.0,0.8954835085950108,rainfed_calendar_oct15,0.0010246608197631568,4.30357544300432,0.0
valid,2019,44,3769.4341246962776,0.0,0.8974843154038756,3770.872148488374,0.0,0.8978267020210414,rainfed_calendar_oct15,-0.0003423866171657908,-1.4380237920963737,0.0
valid,2020,44,3836.062573322368,0.0,0.9133482317434206,3829.4274048148186,0.0,0.911768429717814,rainfed_calendar_oct15,0.0015798020256065914,6.635168507549224,0.0
test,2021,45,3868.286644808303,0.0,0.9210206297162624,3863.649115078605,0.0,0.9199164559710964,early_sep25_moderate_irrig,0.001104173745166026,4.637529729698144,0.0
test,2022,45,3904.4603808810016,0.0,0.929633424019286,3904.564620575443,0.0,0.9296582429941532,early_sep25_moderate_irrig,-2.481897486728002e-05,-0.10423969444127579,0.0
test,2023,45,3942.09798864563,0.0,0.9385947592013404,3926.662266959352,54.0,0.8539195873712744,early_sep25_moderate_irrig,0.08467517183006601,15.435721686277702,-54.0
test,2024,45,3937.4584506894817,0.0,0.9374901073070194,3923.659128804088,18.0,0.907204554477164,early_sep25_moderate_irrig,0.030285552829855455,13.79932188539351,-18.0
valid,2017,45,3739.125654633677,0.0,0.8902680130080184,3733.950047419684,18.0,0.8620357255761153,early_sep25_moderate_irrig,0.02823228743190309,5.175607213993317,-18.0
valid,2018,45,3785.0834821848,0.0,0.9012103529011428,3757.0496486751954,18.0,0.8675356306369513,early_sep25_moderate_irrig,0.03367472226419155,28.033833509604392,-18.0
valid,2019,45,3782.870049847695,0.0,0.900683345201832,3767.999092138855,18.0,0.8701426409854416,early_sep25_moderate_irrig,0.030540704216390435,14.870957708840251,-18.0
valid,2020,45,3833.489247699676,0.0,0.9127355351665896,3828.919014963576,0.0,0.911647384515137,early_sep25_moderate_irrig,0.001088150651452513,4.570232736100024,0.0
test,2021,45,3868.286644808303,0.0,0.9210206297162624,3861.896436753094,0.0,0.9194991516078797,fixed_calendar_oct15_moderate_irrig,0.0015214781083827678,6.390208055209314,0.0
test,2022,45,3904.4603808810016,0.0,0.929633424019286,3901.561398023135,0.0,0.9289431900055084,fixed_calendar_oct15_moderate_irrig,0.0006902340137775465,2.8989828578664856,0.0
test,2023,45,3942.09798864563,0.0,0.9385947592013404,3907.5939853685554,72.0,0.8223795203258465,fixed_calendar_oct15_moderate_irrig,0.1162152388754939,34.50400327707439,-72.0
test,2024,45,3937.4584506894817,0.0,0.9374901073070194,3899.0724763850353,54.0,0.8473505896154846,fixed_calendar_oct15_moderate_irrig,0.09013951769153483,38.385974304446336,-54.0
valid,2017,45,3739.125654633677,0.0,0.8902680130080184,3713.117737211407,54.0,0.8030756517170017,fixed_calendar_oct15_moderate_irrig,0.0871923612910167,26.00791742227011,-54.0
valid,2018,45,3785.0834821848,0.0,0.9012103529011428,3747.91104147763,36.0,0.8383597717803881,fixed_calendar_oct15_moderate_irrig,0.0628505811207547,37.1724407071697,-36.0
valid,2019,45,3782.870049847695,0.0,0.900683345201832,3748.709098832031,72.0,0.7845497854361979,fixed_calendar_oct15_moderate_irrig,0.11613355976563411,34.16095101566407,-72.0
valid,2020,45,3833.489247699676,0.0,0.9127355351665896,3829.4274048148186,0.0,0.911768429717814,fixed_calendar_oct15_moderate_irrig,0.0009671054487755404,4.0618428848574695,0.0
test,2021,45,3868.286644808303,0.0,0.9210206297162624,3863.973055354512,0.0,0.9199935846082168,late_nov10_moderate_irrig,0.0010270451080456322,4.313589453791337,0.0
test,2022,45,3904.4603808810016,0.0,0.929633424019286,3900.0683500259033,0.0,0.92858770238712,late_nov10_moderate_irrig,0.0010457216321659857,4.392030855098255,0.0
test,2023,45,3942.09798864563,0.0,0.9385947592013404,3903.424418388428,90.0,0.7943867662829589,late_nov10_moderate_irrig,0.1442079929183815,38.673570257201845,-90.0
test,2024,45,3937.4584506894817,0.0,0.9374901073070194,3892.819492295927,90.0,0.7918617838799826,late_nov10_moderate_irrig,0.1456283234270368,44.63895839355473,-90.0
valid,2017,45,3739.125654633677,0.0,0.8902680130080184,3709.321287754789,54.0,0.8021717351797116,late_nov10_moderate_irrig,0.08809627782830676,29.80436687888823,-54.0
valid,2018,45,3785.0834821848,0.0,0.9012103529011428,3764.779896002884,18.0,0.8693761657149722,late_nov10_moderate_irrig,0.03183418718617059,20.30358618191576,-18.0
valid,2019,45,3782.870049847695,0.0,0.900683345201832,3742.686931008248,90.0,0.7561159359543447,late_nov10_moderate_irrig,0.14456740924748734,40.18311883944716,-90.0
valid,2020,45,3833.489247699676,0.0,0.9127355351665896,3828.8976000168464,0.0,0.9116422857182968,late_nov10_moderate_irrig,0.0010932494482928101,4.591647682829716,0.0
test,2021,45,3868.286644808303,0.0,0.9210206297162624,3861.896436753094,0.0,0.9194991516078797,rainfed_calendar_oct15,0.0015214781083827678,6.390208055209314,0.0
test,2022,45,3904.4603808810016,0.0,0.929633424019286,3901.561398023135,0.0,0.9289431900055084,rainfed_calendar_oct15,0.0006902340137775465,2.8989828578664856,0.0
test,2023,45,3942.09798864563,0.0,0.9385947592013404,3932.6130691300814,0.0,0.9363364450309718,rainfed_calendar_oct15,0.0022583141703685916,9.484919515548427,0.0
test,2024,45,3937.4584506894817,0.0,0.9374901073070194,3935.982709653766,0.0,0.9371387403937538,rainfed_calendar_oct15,0.0003513669132656494,1.4757410357156004,0.0
valid,2017,45,3739.125654633677,0.0,0.8902680130080184,3737.139749180729,0.0,0.8897951783763641,rainfed_calendar_oct15,0.000472834631654262,1.9859054529483728,0.0
valid,2018,45,3785.0834821848,0.0,0.9012103529011428,3761.0307360990455,0.0,0.8954835085950108,rainfed_calendar_oct15,0.005726844306132017,24.05274608575428,0.0
valid,2019,45,3782.870049847695,0.0,0.900683345201832,3770.872148488374,0.0,0.8978267020210414,rainfed_calendar_oct15,0.0028566431807905968,11.997901359321077,0.0
valid,2020,45,3833.489247699676,0.0,0.9127355351665896,3829.4274048148186,0.0,0.911768429717814,rainfed_calendar_oct15,0.0009671054487755404,4.0618428848574695,0.0
test,2021,46,3871.306313280874,0.0,0.921739598400208,3863.649115078605,0.0,0.9199164559710964,early_sep25_moderate_irrig,0.001823142429111635,7.6571982022687735,0.0
test,2022,46,3906.0236864505455,0.0,0.9300056396310824,3904.564620575443,0.0,0.9296582429941532,early_sep25_moderate_irrig,0.0003473966369291759,1.459065875102624,0.0
test,2023,46,3942.09798864563,0.0,0.9385947592013404,3926.662266959352,54.0,0.8539195873712744,early_sep25_moderate_irrig,0.08467517183006601,15.435721686277702,-54.0
test,2024,46,3937.4584506894817,0.0,0.9374901073070194,3923.659128804088,18.0,0.907204554477164,early_sep25_moderate_irrig,0.030285552829855455,13.79932188539351,-18.0
valid,2017,46,3739.125654633677,0.0,0.8902680130080184,3733.950047419684,18.0,0.8620357255761153,early_sep25_moderate_irrig,0.02823228743190309,5.175607213993317,-18.0
valid,2018,46,3785.0834821848,0.0,0.9012103529011428,3757.0496486751954,18.0,0.8675356306369513,early_sep25_moderate_irrig,0.03367472226419155,28.033833509604392,-18.0
valid,2019,46,3783.940925765628,0.0,0.9009383156584828,3767.999092138855,18.0,0.8701426409854416,early_sep25_moderate_irrig,0.03079567467304123,15.941833626773132,-18.0
valid,2020,46,3833.867799077797,0.0,0.9128256664470944,3828.919014963576,0.0,0.911647384515137,early_sep25_moderate_irrig,0.0011782819319573479,4.948784114220871,0.0
test,2021,46,3871.306313280874,0.0,0.921739598400208,3861.896436753094,0.0,0.9194991516078797,fixed_calendar_oct15_moderate_irrig,0.0022404467923283766,9.409876527779943,0.0
test,2022,46,3906.0236864505455,0.0,0.9300056396310824,3901.561398023135,0.0,0.9289431900055084,fixed_calendar_oct15_moderate_irrig,0.0010624496255740024,4.462288427410385,0.0
test,2023,46,3942.09798864563,0.0,0.9385947592013404,3907.5939853685554,72.0,0.8223795203258465,fixed_calendar_oct15_moderate_irrig,0.1162152388754939,34.50400327707439,-72.0
test,2024,46,3937.4584506894817,0.0,0.9374901073070194,3899.0724763850353,54.0,0.8473505896154846,fixed_calendar_oct15_moderate_irrig,0.09013951769153483,38.385974304446336,-54.0
valid,2017,46,3739.125654633677,0.0,0.8902680130080184,3713.117737211407,54.0,0.8030756517170017,fixed_calendar_oct15_moderate_irrig,0.0871923612910167,26.00791742227011,-54.0
valid,2018,46,3785.0834821848,0.0,0.9012103529011428,3747.91104147763,36.0,0.8383597717803881,fixed_calendar_oct15_moderate_irrig,0.0628505811207547,37.1724407071697,-36.0
valid,2019,46,3783.940925765628,0.0,0.9009383156584828,3748.709098832031,72.0,0.7845497854361979,fixed_calendar_oct15_moderate_irrig,0.1163885302222849,35.23182693359695,-72.0
valid,2020,46,3833.867799077797,0.0,0.9128256664470944,3829.4274048148186,0.0,0.911768429717814,fixed_calendar_oct15_moderate_irrig,0.0010572367292803753,4.440394262978316,0.0
test,2021,46,3871.306313280874,0.0,0.921739598400208,3863.973055354512,0.0,0.9199935846082168,late_nov10_moderate_irrig,0.001746013791991241,7.333257926361966,0.0
test,2022,46,3906.0236864505455,0.0,0.9300056396310824,3900.0683500259033,0.0,0.92858770238712,late_nov10_moderate_irrig,0.0014179372439624416,5.955336424642155,0.0
test,2023,46,3942.09798864563,0.0,0.9385947592013404,3903.424418388428,90.0,0.7943867662829589,late_nov10_moderate_irrig,0.1442079929183815,38.673570257201845,-90.0
test,2024,46,3937.4584506894817,0.0,0.9374901073070194,3892.819492295927,90.0,0.7918617838799826,late_nov10_moderate_irrig,0.1456283234270368,44.63895839355473,-90.0
valid,2017,46,3739.125654633677,0.0,0.8902680130080184,3709.321287754789,54.0,0.8021717351797116,late_nov10_moderate_irrig,0.08809627782830676,29.80436687888823,-54.0
valid,2018,46,3785.0834821848,0.0,0.9012103529011428,3764.779896002884,18.0,0.8693761657149722,late_nov10_moderate_irrig,0.03183418718617059,20.30358618191576,-18.0
valid,2019,46,3783.940925765628,0.0,0.9009383156584828,3742.686931008248,90.0,0.7561159359543447,late_nov10_moderate_irrig,0.14482237970413814,41.25399475738004,-90.0
valid,2020,46,3833.867799077797,0.0,0.9128256664470944,3828.8976000168464,0.0,0.9116422857182968,late_nov10_moderate_irrig,0.001183380728797645,4.970199060950563,0.0
test,2021,46,3871.306313280874,0.0,0.921739598400208,3861.896436753094,0.0,0.9194991516078797,rainfed_calendar_oct15,0.0022404467923283766,9.409876527779943,0.0
test,2022,46,3906.0236864505455,0.0,0.9300056396310824,3901.561398023135,0.0,0.9289431900055084,rainfed_calendar_oct15,0.0010624496255740024,4.462288427410385,0.0
test,2023,46,3942.09798864563,0.0,0.9385947592013404,3932.6130691300814,0.0,0.9363364450309718,rainfed_calendar_oct15,0.0022583141703685916,9.484919515548427,0.0
test,2024,46,3937.4584506894817,0.0,0.9374901073070194,3935.982709653766,0.0,0.9371387403937538,rainfed_calendar_oct15,0.0003513669132656494,1.4757410357156004,0.0
valid,2017,46,3739.125654633677,0.0,0.8902680130080184,3737.139749180729,0.0,0.8897951783763641,rainfed_calendar_oct15,0.000472834631654262,1.9859054529483728,0.0
valid,2018,46,3785.0834821848,0.0,0.9012103529011428,3761.0307360990455,0.0,0.8954835085950108,rainfed_calendar_oct15,0.005726844306132017,24.05274608575428,0.0
valid,2019,46,3783.940925765628,0.0,0.9009383156584828,3770.872148488374,0.0,0.8978267020210414,rainfed_calendar_oct15,0.0031116136374413905,13.068777277253957,0.0
valid,2020,46,3833.867799077797,0.0,0.9128256664470944,3829.4274048148186,0.0,0.911768429717814,rainfed_calendar_oct15,0.0010572367292803753,4.440394262978316,0.0
