split,rep,reward_ppo,year,failed,planting_offset_days,trigger_dryness,amount_mm,max_irrigation_mm,yield_kg_ha_ppo,irrigation_mm_ppo,rain_mm,planting_date,n_irrigation_events,harvest_window_end,observed_yield_kg_ha,yield_error_kg_ha,yield_abs_error_kg_ha,yield_abs_percent_error,seed,fold,yield_kg_ha_comp,irrigation_mm_comp,reward_comp,comparator,d_reward,d_yield,d_irrigation
test,0,1.0747619047619048,2005,False,36,150,0.0,115.0,4514.0,0.0,473.0200000000001,2005-10-21,0,2006-03-20,3150.0,1364.0,1364.0,43.3015873015873,42,f2005,5459.0,75.0,0.8497619047619047,contextual_knn,0.2250000000000001,-945.0,-75.0
test,0,1.309761904761905,2006,False,49,150,0.0,120.0,5501.0,0.0,587.2599999999999,2006-11-03,0,2007-04-02,3000.0,2501.0,2501.0,83.36666666666666,42,f2005,5592.0,0.0,1.3314285714285714,contextual_knn,-0.0216666666666665,-91.0,0.0
test,0,1.328809523809524,2007,False,51,150,0.0,115.0,5581.0,0.0,566.05,2007-11-05,0,2008-04-03,3300.0,2281.0,2281.0,69.12121212121212,42,f2005,5410.0,0.0,1.2880952380952382,contextual_knn,0.040714285714285925,171.0,0.0
test,0,0.9257142857142856,2008,False,31,150,0.0,120.0,3888.0,0.0,555.15,2008-10-16,0,2009-03-15,3126.0,762.0,762.0,24.37619961612284,42,f2005,5273.0,45.0,0.9854761904761904,contextual_knn,-0.059761904761904794,-1385.0,-45.0
test,0,1.2435714285714283,2009,False,32,136,9.0,110.0,5223.0,0.0,784.19,2009-10-17,0,2010-03-16,2578.0,2645.0,2645.0,102.5989138867339,42,f2009,4906.0,0.0,1.168095238095238,contextual_knn,0.07547619047619025,317.0,0.0
test,0,1.3042857142857145,2010,False,41,150,0.0,105.0,5478.0,0.0,854.1199999999999,2010-10-26,0,2011-03-25,3245.0,2233.0,2233.0,68.8135593220339,42,f2009,5485.0,0.0,1.305952380952381,contextual_knn,-0.0016666666666664831,-7.0,0.0
test,0,1.4911904761904762,2011,False,31,142,7.5,110.0,6263.0,0.0,561.71,2011-10-16,0,2012-03-14,3496.0,2767.0,2767.0,79.14759725400458,42,f2009,5806.0,0.0,1.3823809523809525,contextual_knn,0.10880952380952369,457.0,0.0
test,0,1.3614285714285714,2012,False,33,150,0.5,110.0,5718.0,0.0,633.8700000000001,2012-10-18,0,2013-03-17,3546.0,2172.0,2172.0,61.25211505922166,42,f2009,5402.0,0.0,1.286190476190476,contextual_knn,0.07523809523809533,316.0,0.0
test,0,0.8983333333333333,2013,False,43,150,0.0,125.0,3773.0,0.0,366.30000000000007,2013-10-28,0,2014-03-27,3690.0,83.0,83.0,2.2493224932249323,42,f2013,5158.0,60.0,0.8680952380952381,contextual_knn,0.030238095238095175,-1385.0,-60.0
test,0,1.4,2014,False,30,150,0.0,110.0,5880.0,0.0,570.97,2014-10-15,0,2015-03-14,3542.0,2338.0,2338.0,66.00790513833992,42,f2013,5729.0,0.0,1.364047619047619,contextual_knn,0.03595238095238096,151.0,0.0
test,0,1.233809523809524,2015,False,31,142,0.0,100.0,5182.0,0.0,688.68,2015-10-16,0,2016-03-14,3727.0,1455.0,1455.0,39.03944191038369,42,f2013,5409.0,0.0,1.2878571428571428,contextual_knn,-0.0540476190476189,-227.0,0.0
test,0,1.386904761904762,2016,False,53,150,0.0,50.0,5825.0,0.0,647.4900000000001,2016-11-07,0,2017-04-06,3381.0,2444.0,2444.0,72.2863058266785,42,f2013,5814.0,0.0,1.3842857142857143,contextual_knn,0.002619047619047743,11.0,0.0
test,0,1.3335714285714286,2017,False,35,150,0.0,75.0,5601.0,0.0,887.5900000000001,2017-10-20,0,2018-03-19,4000.0,1601.0,1601.0,40.025,42,f2017,5545.0,0.0,1.3202380952380952,contextual_knn,0.01333333333333342,56.0,0.0
test,0,1.2654761904761904,2018,False,40,150,0.0,90.0,5315.0,0.0,432.01,2018-10-25,0,2019-03-24,3750.0,1565.0,1565.0,41.73333333333333,42,f2017,4812.0,0.0,1.1457142857142857,contextual_knn,0.11976190476190474,503.0,0.0
test,0,1.230952380952381,2019,False,41,150,0.0,90.0,5170.0,0.0,439.82,2019-10-26,0,2020-03-24,3700.0,1470.0,1470.0,39.729729729729726,42,f2017,5447.0,0.0,1.296904761904762,contextual_knn,-0.06595238095238098,-277.0,0.0
test,0,1.3095238095238095,2020,False,44,150,0.0,105.0,5500.0,0.0,398.35,2020-10-29,0,2021-03-28,4050.0,1450.0,1450.0,35.80246913580247,42,f2017,5666.0,0.0,1.349047619047619,contextual_knn,-0.03952380952380952,-166.0,0.0
test,0,1.0014285714285711,2021,False,30,150,0.5,100.0,4206.0,0.0,461.05,2021-10-15,0,2022-03-14,3700.0,506.0,506.0,13.675675675675675,42,f2021,5895.0,90.0,0.8635714285714284,contextual_knn,0.13785714285714268,-1689.0,-90.0
test,0,1.370952380952381,2022,False,40,150,1.5,90.0,5758.0,0.0,531.1099999999998,2022-10-25,0,2023-03-24,3923.0,1835.0,1835.0,46.77542696915626,42,f2021,5528.0,0.0,1.3161904761904761,contextual_knn,0.05476190476190479,230.0,0.0
test,0,0.5604285714285714,2023,False,29,129,6.0,190.0,4017.0,66.0,519.32,2023-10-14,11,2024-03-12,4154.0,-137.0,137.0,3.2980259990370726,42,f2021,4844.0,105.0,0.5233333333333333,contextual_knn,0.03709523809523807,-827.0,-39.0
test,0,1.3714285714285714,2024,False,38,150,2.0,60.0,5760.0,0.0,590.0500000000001,2024-10-23,0,2025-03-22,3827.0,1933.0,1933.0,50.509537496733735,42,f2021,5584.0,0.0,1.3295238095238096,contextual_knn,0.04190476190476189,176.0,0.0
test,0,1.0747619047619048,2005,False,36,150,0.0,115.0,4514.0,0.0,473.0200000000001,2005-10-21,0,2006-03-20,3150.0,1364.0,1364.0,43.3015873015873,42,f2005,5470.0,120.0,0.5823809523809524,irrigated_nov10_45_18_120,0.49238095238095236,-956.0,-120.0
test,0,1.309761904761905,2006,False,49,150,0.0,120.0,5501.0,0.0,587.2599999999999,2006-11-03,0,2007-04-02,3000.0,2501.0,2501.0,83.36666666666666,42,f2005,5278.0,18.0,1.1486666666666665,irrigated_nov10_45_18_120,0.1610952380952384,223.0,-18.0
test,0,1.328809523809524,2007,False,51,150,0.0,115.0,5581.0,0.0,566.05,2007-11-05,0,2008-04-03,3300.0,2281.0,2281.0,69.12121212121212,42,f2005,5468.0,72.0,0.869904761904762,irrigated_nov10_45_18_120,0.45890476190476215,113.0,-72.0
test,0,0.9257142857142856,2008,False,31,150,0.0,120.0,3888.0,0.0,555.15,2008-10-16,0,2009-03-15,3126.0,762.0,762.0,24.37619961612284,42,f2005,5419.0,120.0,0.5702380952380952,irrigated_nov10_45_18_120,0.3554761904761904,-1531.0,-120.0
test,0,1.2435714285714283,2009,False,32,136,9.0,110.0,5223.0,0.0,784.19,2009-10-17,0,2010-03-16,2578.0,2645.0,2645.0,102.5989138867339,42,f2009,4976.0,0.0,1.1847619047619047,irrigated_nov10_45_18_120,0.058809523809523645,247.0,0.0
test,0,1.3042857142857145,2010,False,41,150,0.0,105.0,5478.0,0.0,854.1199999999999,2010-10-26,0,2011-03-25,3245.0,2233.0,2233.0,68.8135593220339,42,f2009,5363.0,18.0,1.168904761904762,irrigated_nov10_45_18_120,0.1353809523809526,115.0,-18.0
test,0,1.4911904761904762,2011,False,31,142,7.5,110.0,6263.0,0.0,561.71,2011-10-16,0,2012-03-14,3496.0,2767.0,2767.0,79.14759725400458,42,f2009,5948.0,120.0,0.6961904761904762,irrigated_nov10_45_18_120,0.7949999999999999,315.0,-120.0
test,0,1.3614285714285714,2012,False,33,150,0.5,110.0,5718.0,0.0,633.8700000000001,2012-10-18,0,2013-03-17,3546.0,2172.0,2172.0,61.25211505922166,42,f2009,5321.0,54.0,0.9429047619047619,irrigated_nov10_45_18_120,0.4185238095238095,397.0,-54.0
test,0,0.8983333333333333,2013,False,43,150,0.0,125.0,3773.0,0.0,366.30000000000007,2013-10-28,0,2014-03-27,3690.0,83.0,83.0,2.2493224932249323,42,f2013,5531.0,120.0,0.5969047619047618,irrigated_nov10_45_18_120,0.3014285714285715,-1758.0,-120.0
test,0,1.4,2014,False,30,150,0.0,110.0,5880.0,0.0,570.97,2014-10-15,0,2015-03-14,3542.0,2338.0,2338.0,66.00790513833992,42,f2013,5543.0,18.0,1.2117619047619046,irrigated_nov10_45_18_120,0.18823809523809532,337.0,-18.0
test,0,1.233809523809524,2015,False,31,142,0.0,100.0,5182.0,0.0,688.68,2015-10-16,0,2016-03-14,3727.0,1455.0,1455.0,39.03944191038369,42,f2013,5088.0,18.0,1.1034285714285714,irrigated_nov10_45_18_120,0.1303809523809525,94.0,-18.0
test,0,1.386904761904762,2016,False,53,150,0.0,50.0,5825.0,0.0,647.4900000000001,2016-11-07,0,2017-04-06,3381.0,2444.0,2444.0,72.2863058266785,42,f2013,5697.0,36.0,1.1404285714285716,irrigated_nov10_45_18_120,0.24647619047619052,128.0,-36.0
test,0,1.3335714285714286,2017,False,35,150,0.0,75.0,5601.0,0.0,887.5900000000001,2017-10-20,0,2018-03-19,4000.0,1601.0,1601.0,40.025,42,f2017,5392.0,54.0,0.9598095238095237,irrigated_nov10_45_18_120,0.37376190476190496,209.0,-54.0
test,0,1.2654761904761904,2018,False,40,150,0.0,90.0,5315.0,0.0,432.01,2018-10-25,0,2019-03-24,3750.0,1565.0,1565.0,41.73333333333333,42,f2017,5568.0,108.0,0.6777142857142856,irrigated_nov10_45_18_120,0.5877619047619048,-253.0,-108.0
test,0,1.230952380952381,2019,False,41,150,0.0,90.0,5170.0,0.0,439.82,2019-10-26,0,2020-03-24,3700.0,1470.0,1470.0,39.729729729729726,42,f2017,5689.0,120.0,0.6345238095238095,irrigated_nov10_45_18_120,0.5964285714285715,-519.0,-120.0
test,0,1.3095238095238095,2020,False,44,150,0.0,105.0,5500.0,0.0,398.35,2020-10-29,0,2021-03-28,4050.0,1450.0,1450.0,35.80246913580247,42,f2017,5640.0,120.0,0.6228571428571428,irrigated_nov10_45_18_120,0.6866666666666668,-140.0,-120.0
test,0,1.0014285714285711,2021,False,30,150,0.5,100.0,4206.0,0.0,461.05,2021-10-15,0,2022-03-14,3700.0,506.0,506.0,13.675675675675675,42,f2021,5983.0,120.0,0.7045238095238096,irrigated_nov10_45_18_120,0.29690476190476156,-1777.0,-120.0
test,0,1.370952380952381,2022,False,40,150,1.5,90.0,5758.0,0.0,531.1099999999998,2022-10-25,0,2023-03-24,3923.0,1835.0,1835.0,46.77542696915626,42,f2021,5528.0,72.0,0.8841904761904762,irrigated_nov10_45_18_120,0.48676190476190473,230.0,-72.0
test,0,0.5604285714285714,2023,False,29,129,6.0,190.0,4017.0,66.0,519.32,2023-10-14,11,2024-03-12,4154.0,-137.0,137.0,3.2980259990370726,42,f2021,5427.0,120.0,0.5721428571428571,irrigated_nov10_45_18_120,-0.011714285714285677,-1410.0,-54.0
test,0,1.3714285714285714,2024,False,38,150,2.0,60.0,5760.0,0.0,590.0500000000001,2024-10-23,0,2025-03-22,3827.0,1933.0,1933.0,50.509537496733735,42,f2021,5884.0,120.0,0.680952380952381,irrigated_nov10_45_18_120,0.6904761904761905,-124.0,-120.0
test,0,1.0747619047619048,2005,False,36,150,0.0,115.0,4514.0,0.0,473.0200000000001,2005-10-21,0,2006-03-20,3150.0,1364.0,1364.0,43.3015873015873,42,f2005,5850.0,120.0,0.6728571428571428,irrigated_oct15_45_18_120,0.401904761904762,-1336.0,-120.0
test,0,1.309761904761905,2006,False,49,150,0.0,120.0,5501.0,0.0,587.2599999999999,2006-11-03,0,2007-04-02,3000.0,2501.0,2501.0,83.36666666666666,42,f2005,5682.0,18.0,1.2448571428571427,irrigated_oct15_45_18_120,0.06490476190476224,-181.0,-18.0
test,0,1.328809523809524,2007,False,51,150,0.0,115.0,5581.0,0.0,566.05,2007-11-05,0,2008-04-03,3300.0,2281.0,2281.0,69.12121212121212,42,f2005,5676.0,72.0,0.9194285714285715,irrigated_oct15_45_18_120,0.4093809523809526,-95.0,-72.0
test,0,0.9257142857142856,2008,False,31,150,0.0,120.0,3888.0,0.0,555.15,2008-10-16,0,2009-03-15,3126.0,762.0,762.0,24.37619961612284,42,f2005,5735.0,120.0,0.6454761904761905,irrigated_oct15_45_18_120,0.28023809523809506,-1847.0,-120.0
test,0,1.2435714285714283,2009,False,32,136,9.0,110.0,5223.0,0.0,784.19,2009-10-17,0,2010-03-16,2578.0,2645.0,2645.0,102.5989138867339,42,f2009,5341.0,18.0,1.1636666666666666,irrigated_oct15_45_18_120,0.0799047619047617,-118.0,-18.0
test,0,1.3042857142857145,2010,False,41,150,0.0,105.0,5478.0,0.0,854.1199999999999,2010-10-26,0,2011-03-25,3245.0,2233.0,2233.0,68.8135593220339,42,f2009,5702.0,0.0,1.3576190476190477,irrigated_oct15_45_18_120,-0.05333333333333323,-224.0,0.0
test,0,1.4911904761904762,2011,False,31,142,7.5,110.0,6263.0,0.0,561.71,2011-10-16,0,2012-03-14,3496.0,2767.0,2767.0,79.14759725400458,42,f2009,6326.0,120.0,0.7861904761904761,irrigated_oct15_45_18_120,0.7050000000000001,-63.0,-120.0
test,0,1.3614285714285714,2012,False,33,150,0.5,110.0,5718.0,0.0,633.8700000000001,2012-10-18,0,2013-03-17,3546.0,2172.0,2172.0,61.25211505922166,42,f2009,5695.0,36.0,1.139952380952381,irrigated_oct15_45_18_120,0.22147619047619038,23.0,-36.0
test,0,0.8983333333333333,2013,False,43,150,0.0,125.0,3773.0,0.0,366.30000000000007,2013-10-28,0,2014-03-27,3690.0,83.0,83.0,2.2493224932249323,42,f2013,6169.0,120.0,0.7488095238095238,irrigated_oct15_45_18_120,0.1495238095238095,-2396.0,-120.0
test,0,1.4,2014,False,30,150,0.0,110.0,5880.0,0.0,570.97,2014-10-15,0,2015-03-14,3542.0,2338.0,2338.0,66.00790513833992,42,f2013,5880.0,36.0,1.184,irrigated_oct15_45_18_120,0.21599999999999997,0.0,-36.0
test,0,1.233809523809524,2015,False,31,142,0.0,100.0,5182.0,0.0,688.68,2015-10-16,0,2016-03-14,3727.0,1455.0,1455.0,39.03944191038369,42,f2013,5166.0,36.0,1.014,irrigated_oct15_45_18_120,0.2198095238095239,16.0,-36.0
test,0,1.386904761904762,2016,False,53,150,0.0,50.0,5825.0,0.0,647.4900000000001,2016-11-07,0,2017-04-06,3381.0,2444.0,2444.0,72.2863058266785,42,f2013,6024.0,18.0,1.3262857142857143,irrigated_oct15_45_18_120,0.060619047619047794,-199.0,-18.0
test,0,1.3335714285714286,2017,False,35,150,0.0,75.0,5601.0,0.0,887.5900000000001,2017-10-20,0,2018-03-19,4000.0,1601.0,1601.0,40.025,42,f2017,5857.0,36.0,1.1785238095238095,irrigated_oct15_45_18_120,0.1550476190476191,-256.0,-36.0
test,0,1.2654761904761904,2018,False,40,150,0.0,90.0,5315.0,0.0,432.01,2018-10-25,0,2019-03-24,3750.0,1565.0,1565.0,41.73333333333333,42,f2017,6170.0,120.0,0.7490476190476192,irrigated_oct15_45_18_120,0.5164285714285712,-855.0,-120.0
test,0,1.230952380952381,2019,False,41,150,0.0,90.0,5170.0,0.0,439.82,2019-10-26,0,2020-03-24,3700.0,1470.0,1470.0,39.729729729729726,42,f2017,5729.0,120.0,0.644047619047619,irrigated_oct15_45_18_120,0.586904761904762,-559.0,-120.0
test,0,1.3095238095238095,2020,False,44,150,0.0,105.0,5500.0,0.0,398.35,2020-10-29,0,2021-03-28,4050.0,1450.0,1450.0,35.80246913580247,42,f2017,6019.0,120.0,0.7130952380952382,irrigated_oct15_45_18_120,0.5964285714285713,-519.0,-120.0
test,0,1.0014285714285711,2021,False,30,150,0.5,100.0,4206.0,0.0,461.05,2021-10-15,0,2022-03-14,3700.0,506.0,506.0,13.675675675675675,42,f2021,6308.0,120.0,0.7819047619047619,irrigated_oct15_45_18_120,0.21952380952380923,-2102.0,-120.0
test,0,1.370952380952381,2022,False,40,150,1.5,90.0,5758.0,0.0,531.1099999999998,2022-10-25,0,2023-03-24,3923.0,1835.0,1835.0,46.77542696915626,42,f2021,5780.0,54.0,1.0521904761904761,irrigated_oct15_45_18_120,0.3187619047619048,-22.0,-54.0
test,0,0.5604285714285714,2023,False,29,129,6.0,190.0,4017.0,66.0,519.32,2023-10-14,11,2024-03-12,4154.0,-137.0,137.0,3.2980259990370726,42,f2021,5449.0,120.0,0.5773809523809523,irrigated_oct15_45_18_120,-0.01695238095238094,-1432.0,-54.0
test,0,1.3714285714285714,2024,False,38,150,2.0,60.0,5760.0,0.0,590.0500000000001,2024-10-23,0,2025-03-22,3827.0,1933.0,1933.0,50.509537496733735,42,f2021,5640.0,120.0,0.6228571428571428,irrigated_oct15_45_18_120,0.7485714285714287,120.0,-120.0
test,0,1.0747619047619048,2005,False,36,150,0.0,115.0,4514.0,0.0,473.0200000000001,2005-10-21,0,2006-03-20,3150.0,1364.0,1364.0,43.3015873015873,42,f2005,5511.0,120.0,0.5921428571428571,irrigated_sep25_45_18_120,0.4826190476190477,-997.0,-120.0
test,0,1.309761904761905,2006,False,49,150,0.0,120.0,5501.0,0.0,587.2599999999999,2006-11-03,0,2007-04-02,3000.0,2501.0,2501.0,83.36666666666666,42,f2005,5385.0,18.0,1.1741428571428572,irrigated_sep25_45_18_120,0.13561904761904775,116.0,-18.0
test,0,1.328809523809524,2007,False,51,150,0.0,115.0,5581.0,0.0,566.05,2007-11-05,0,2008-04-03,3300.0,2281.0,2281.0,69.12121212121212,42,f2005,5348.0,54.0,0.9493333333333334,irrigated_sep25_45_18_120,0.37947619047619074,233.0,-54.0
test,0,0.9257142857142856,2008,False,31,150,0.0,120.0,3888.0,0.0,555.15,2008-10-16,0,2009-03-15,3126.0,762.0,762.0,24.37619961612284,42,f2005,5377.0,120.0,0.5602380952380952,irrigated_sep25_45_18_120,0.3654761904761904,-1489.0,-120.0
test,0,1.2435714285714283,2009,False,32,136,9.0,110.0,5223.0,0.0,784.19,2009-10-17,0,2010-03-16,2578.0,2645.0,2645.0,102.5989138867339,42,f2009,5451.0,18.0,1.1898571428571427,irrigated_sep25_45_18_120,0.0537142857142856,-228.0,-18.0
test,0,1.3042857142857145,2010,False,41,150,0.0,105.0,5478.0,0.0,854.1199999999999,2010-10-26,0,2011-03-25,3245.0,2233.0,2233.0,68.8135593220339,42,f2009,5843.0,0.0,1.391190476190476,irrigated_sep25_45_18_120,-0.0869047619047616,-365.0,0.0
test,0,1.4911904761904762,2011,False,31,142,7.5,110.0,6263.0,0.0,561.71,2011-10-16,0,2012-03-14,3496.0,2767.0,2767.0,79.14759725400458,42,f2009,6111.0,108.0,0.807,irrigated_sep25_45_18_120,0.6841904761904761,152.0,-108.0
test,0,1.3614285714285714,2012,False,33,150,0.5,110.0,5718.0,0.0,633.8700000000001,2012-10-18,0,2013-03-17,3546.0,2172.0,2172.0,61.25211505922166,42,f2009,5740.0,72.0,0.9346666666666668,irrigated_sep25_45_18_120,0.4267619047619047,-22.0,-72.0
test,0,0.8983333333333333,2013,False,43,150,0.0,125.0,3773.0,0.0,366.30000000000007,2013-10-28,0,2014-03-27,3690.0,83.0,83.0,2.2493224932249323,42,f2013,6434.0,120.0,0.8119047619047619,irrigated_sep25_45_18_120,0.08642857142857141,-2661.0,-120.0
test,0,1.4,2014,False,30,150,0.0,110.0,5880.0,0.0,570.97,2014-10-15,0,2015-03-14,3542.0,2338.0,2338.0,66.00790513833992,42,f2013,5906.0,108.0,0.7581904761904762,irrigated_sep25_45_18_120,0.6418095238095237,-26.0,-108.0
test,0,1.233809523809524,2015,False,31,142,0.0,100.0,5182.0,0.0,688.68,2015-10-16,0,2016-03-14,3727.0,1455.0,1455.0,39.03944191038369,42,f2013,4934.0,36.0,0.9587619047619047,irrigated_sep25_45_18_120,0.2750476190476192,248.0,-36.0
test,0,1.386904761904762,2016,False,53,150,0.0,50.0,5825.0,0.0,647.4900000000001,2016-11-07,0,2017-04-06,3381.0,2444.0,2444.0,72.2863058266785,42,f2013,5946.0,18.0,1.3077142857142856,irrigated_sep25_45_18_120,0.07919047619047648,-121.0,-18.0
test,0,1.3335714285714286,2017,False,35,150,0.0,75.0,5601.0,0.0,887.5900000000001,2017-10-20,0,2018-03-19,4000.0,1601.0,1601.0,40.025,42,f2017,5487.0,36.0,1.0904285714285715,irrigated_sep25_45_18_120,0.2431428571428571,114.0,-36.0
test,0,1.2654761904761904,2018,False,40,150,0.0,90.0,5315.0,0.0,432.01,2018-10-25,0,2019-03-24,3750.0,1565.0,1565.0,41.73333333333333,42,f2017,5747.0,120.0,0.6483333333333334,irrigated_sep25_45_18_120,0.617142857142857,-432.0,-120.0
test,0,1.230952380952381,2019,False,41,150,0.0,90.0,5170.0,0.0,439.82,2019-10-26,0,2020-03-24,3700.0,1470.0,1470.0,39.729729729729726,42,f2017,5468.0,120.0,0.5819047619047619,irrigated_sep25_45_18_120,0.6490476190476191,-298.0,-120.0
test,0,1.3095238095238095,2020,False,44,150,0.0,105.0,5500.0,0.0,398.35,2020-10-29,0,2021-03-28,4050.0,1450.0,1450.0,35.80246913580247,42,f2017,5676.0,120.0,0.6314285714285715,irrigated_sep25_45_18_120,0.6780952380952381,-176.0,-120.0
test,0,1.0014285714285711,2021,False,30,150,0.5,100.0,4206.0,0.0,461.05,2021-10-15,0,2022-03-14,3700.0,506.0,506.0,13.675675675675675,42,f2021,6108.0,120.0,0.7342857142857142,irrigated_sep25_45_18_120,0.2671428571428569,-1902.0,-120.0
test,0,1.370952380952381,2022,False,40,150,1.5,90.0,5758.0,0.0,531.1099999999998,2022-10-25,0,2023-03-24,3923.0,1835.0,1835.0,46.77542696915626,42,f2021,6215.0,54.0,1.1557619047619048,irrigated_sep25_45_18_120,0.21519047619047615,-457.0,-54.0
test,0,0.5604285714285714,2023,False,29,129,6.0,190.0,4017.0,66.0,519.32,2023-10-14,11,2024-03-12,4154.0,-137.0,137.0,3.2980259990370726,42,f2021,5399.0,120.0,0.5654761904761905,irrigated_sep25_45_18_120,-0.0050476190476190785,-1382.0,-54.0
test,0,1.3714285714285714,2024,False,38,150,2.0,60.0,5760.0,0.0,590.0500000000001,2024-10-23,0,2025-03-22,3827.0,1933.0,1933.0,50.509537496733735,42,f2021,5850.0,90.0,0.8528571428571428,irrigated_sep25_45_18_120,0.5185714285714287,-90.0,-90.0
test,0,1.0747619047619048,2005,False,36,150,0.0,115.0,4514.0,0.0,473.0200000000001,2005-10-21,0,2006-03-20,3150.0,1364.0,1364.0,43.3015873015873,42,f2005,4879.0,0.0,1.1616666666666666,optimized_fixed_rule,-0.08690476190476182,-365.0,0.0
test,0,1.309761904761905,2006,False,49,150,0.0,120.0,5501.0,0.0,587.2599999999999,2006-11-03,0,2007-04-02,3000.0,2501.0,2501.0,83.36666666666666,42,f2005,5592.0,0.0,1.3314285714285714,optimized_fixed_rule,-0.0216666666666665,-91.0,0.0
test,0,1.328809523809524,2007,False,51,150,0.0,115.0,5581.0,0.0,566.05,2007-11-05,0,2008-04-03,3300.0,2281.0,2281.0,69.12121212121212,42,f2005,5711.0,0.0,1.3597619047619047,optimized_fixed_rule,-0.03095238095238062,-130.0,0.0
test,0,0.9257142857142856,2008,False,31,150,0.0,120.0,3888.0,0.0,555.15,2008-10-16,0,2009-03-15,3126.0,762.0,762.0,24.37619961612284,42,f2005,4692.0,0.0,1.1171428571428572,optimized_fixed_rule,-0.19142857142857161,-804.0,0.0
test,0,1.2435714285714283,2009,False,32,136,9.0,110.0,5223.0,0.0,784.19,2009-10-17,0,2010-03-16,2578.0,2645.0,2645.0,102.5989138867339,42,f2009,5135.0,0.0,1.2226190476190477,optimized_fixed_rule,0.02095238095238061,88.0,0.0
test,0,1.3042857142857145,2010,False,41,150,0.0,105.0,5478.0,0.0,854.1199999999999,2010-10-26,0,2011-03-25,3245.0,2233.0,2233.0,68.8135593220339,42,f2009,5485.0,0.0,1.305952380952381,optimized_fixed_rule,-0.0016666666666664831,-7.0,0.0
test,0,1.4911904761904762,2011,False,31,142,7.5,110.0,6263.0,0.0,561.71,2011-10-16,0,2012-03-14,3496.0,2767.0,2767.0,79.14759725400458,42,f2009,6226.0,0.0,1.4823809523809524,optimized_fixed_rule,0.008809523809523823,37.0,0.0
test,0,1.3614285714285714,2012,False,33,150,0.5,110.0,5718.0,0.0,633.8700000000001,2012-10-18,0,2013-03-17,3546.0,2172.0,2172.0,61.25211505922166,42,f2009,5402.0,0.0,1.286190476190476,optimized_fixed_rule,0.07523809523809533,316.0,0.0
test,0,0.8983333333333333,2013,False,43,150,0.0,125.0,3773.0,0.0,366.30000000000007,2013-10-28,0,2014-03-27,3690.0,83.0,83.0,2.2493224932249323,42,f2013,3878.0,0.0,0.9233333333333333,optimized_fixed_rule,-0.025000000000000022,-105.0,0.0
test,0,1.4,2014,False,30,150,0.0,110.0,5880.0,0.0,570.97,2014-10-15,0,2015-03-14,3542.0,2338.0,2338.0,66.00790513833992,42,f2013,5729.0,0.0,1.364047619047619,optimized_fixed_rule,0.03595238095238096,151.0,0.0
test,0,1.233809523809524,2015,False,31,142,0.0,100.0,5182.0,0.0,688.68,2015-10-16,0,2016-03-14,3727.0,1455.0,1455.0,39.03944191038369,42,f2013,5297.0,0.0,1.2611904761904762,optimized_fixed_rule,-0.027380952380952284,-115.0,0.0
test,0,1.386904761904762,2016,False,53,150,0.0,50.0,5825.0,0.0,647.4900000000001,2016-11-07,0,2017-04-06,3381.0,2444.0,2444.0,72.2863058266785,42,f2013,6038.0,0.0,1.4376190476190476,optimized_fixed_rule,-0.05071428571428549,-213.0,0.0
test,0,1.3335714285714286,2017,False,35,150,0.0,75.0,5601.0,0.0,887.5900000000001,2017-10-20,0,2018-03-19,4000.0,1601.0,1601.0,40.025,42,f2017,5545.0,0.0,1.3202380952380952,optimized_fixed_rule,0.01333333333333342,56.0,0.0
test,0,1.2654761904761904,2018,False,40,150,0.0,90.0,5315.0,0.0,432.01,2018-10-25,0,2019-03-24,3750.0,1565.0,1565.0,41.73333333333333,42,f2017,5315.0,0.0,1.2654761904761904,optimized_fixed_rule,0.0,0.0,0.0
test,0,1.230952380952381,2019,False,41,150,0.0,90.0,5170.0,0.0,439.82,2019-10-26,0,2020-03-24,3700.0,1470.0,1470.0,39.729729729729726,42,f2017,5193.0,0.0,1.2364285714285714,optimized_fixed_rule,-0.005476190476190412,-23.0,0.0
test,0,1.3095238095238095,2020,False,44,150,0.0,105.0,5500.0,0.0,398.35,2020-10-29,0,2021-03-28,4050.0,1450.0,1450.0,35.80246913580247,42,f2017,5666.0,0.0,1.349047619047619,optimized_fixed_rule,-0.03952380952380952,-166.0,0.0
test,0,1.0014285714285711,2021,False,30,150,0.5,100.0,4206.0,0.0,461.05,2021-10-15,0,2022-03-14,3700.0,506.0,506.0,13.675675675675675,42,f2021,4598.0,0.0,1.0947619047619048,optimized_fixed_rule,-0.09333333333333371,-392.0,0.0
test,0,1.370952380952381,2022,False,40,150,1.5,90.0,5758.0,0.0,531.1099999999998,2022-10-25,0,2023-03-24,3923.0,1835.0,1835.0,46.77542696915626,42,f2021,5758.0,0.0,1.370952380952381,optimized_fixed_rule,0.0,0.0,0.0
test,0,0.5604285714285714,2023,False,29,129,6.0,190.0,4017.0,66.0,519.32,2023-10-14,11,2024-03-12,4154.0,-137.0,137.0,3.2980259990370726,42,f2021,2832.0,0.0,0.6742857142857143,optimized_fixed_rule,-0.11385714285714288,1185.0,66.0
test,0,1.3714285714285714,2024,False,38,150,2.0,60.0,5760.0,0.0,590.0500000000001,2024-10-23,0,2025-03-22,3827.0,1933.0,1933.0,50.509537496733735,42,f2021,5799.0,0.0,1.3807142857142858,optimized_fixed_rule,-0.009285714285714342,-39.0,0.0
test,0,1.0747619047619048,2005,False,36,150,0.0,115.0,4514.0,0.0,473.0200000000001,2005-10-21,0,2006-03-20,3150.0,1364.0,1364.0,43.3015873015873,42,f2005,4476.0,0.0,1.0657142857142856,rainfed_oct15,0.009047619047619193,38.0,0.0
test,0,1.309761904761905,2006,False,49,150,0.0,120.0,5501.0,0.0,587.2599999999999,2006-11-03,0,2007-04-02,3000.0,2501.0,2501.0,83.36666666666666,42,f2005,5682.0,0.0,1.3528571428571428,rainfed_oct15,-0.04309523809523785,-181.0,0.0
test,0,1.328809523809524,2007,False,51,150,0.0,115.0,5581.0,0.0,566.05,2007-11-05,0,2008-04-03,3300.0,2281.0,2281.0,69.12121212121212,42,f2005,5562.0,0.0,1.3242857142857143,rainfed_oct15,0.004523809523809819,19.0,0.0
test,0,0.9257142857142856,2008,False,31,150,0.0,120.0,3888.0,0.0,555.15,2008-10-16,0,2009-03-15,3126.0,762.0,762.0,24.37619961612284,42,f2005,3821.0,0.0,0.9097619047619048,rainfed_oct15,0.01595238095238083,67.0,0.0
test,0,1.2435714285714283,2009,False,32,136,9.0,110.0,5223.0,0.0,784.19,2009-10-17,0,2010-03-16,2578.0,2645.0,2645.0,102.5989138867339,42,f2009,5341.0,0.0,1.2716666666666667,rainfed_oct15,-0.028095238095238395,-118.0,0.0
test,0,1.3042857142857145,2010,False,41,150,0.0,105.0,5478.0,0.0,854.1199999999999,2010-10-26,0,2011-03-25,3245.0,2233.0,2233.0,68.8135593220339,42,f2009,5702.0,0.0,1.3576190476190477,rainfed_oct15,-0.05333333333333323,-224.0,0.0
test,0,1.4911904761904762,2011,False,31,142,7.5,110.0,6263.0,0.0,561.71,2011-10-16,0,2012-03-14,3496.0,2767.0,2767.0,79.14759725400458,42,f2009,6326.0,0.0,1.506190476190476,rainfed_oct15,-0.014999999999999902,-63.0,0.0
test,0,1.3614285714285714,2012,False,33,150,0.5,110.0,5718.0,0.0,633.8700000000001,2012-10-18,0,2013-03-17,3546.0,2172.0,2172.0,61.25211505922166,42,f2009,5695.0,0.0,1.355952380952381,rainfed_oct15,0.005476190476190412,23.0,0.0
test,0,0.8983333333333333,2013,False,43,150,0.0,125.0,3773.0,0.0,366.30000000000007,2013-10-28,0,2014-03-27,3690.0,83.0,83.0,2.2493224932249323,42,f2013,3938.0,0.0,0.9376190476190476,rainfed_oct15,-0.03928571428571426,-165.0,0.0
test,0,1.4,2014,False,30,150,0.0,110.0,5880.0,0.0,570.97,2014-10-15,0,2015-03-14,3542.0,2338.0,2338.0,66.00790513833992,42,f2013,5880.0,0.0,1.4,rainfed_oct15,0.0,0.0,0.0
test,0,1.233809523809524,2015,False,31,142,0.0,100.0,5182.0,0.0,688.68,2015-10-16,0,2016-03-14,3727.0,1455.0,1455.0,39.03944191038369,42,f2013,5166.0,0.0,1.23,rainfed_oct15,0.003809523809523929,16.0,0.0
test,0,1.386904761904762,2016,False,53,150,0.0,50.0,5825.0,0.0,647.4900000000001,2016-11-07,0,2017-04-06,3381.0,2444.0,2444.0,72.2863058266785,42,f2013,6024.0,0.0,1.4342857142857144,rainfed_oct15,-0.0473809523809523,-199.0,0.0
test,0,1.3335714285714286,2017,False,35,150,0.0,75.0,5601.0,0.0,887.5900000000001,2017-10-20,0,2018-03-19,4000.0,1601.0,1601.0,40.025,42,f2017,5853.0,0.0,1.3935714285714285,rainfed_oct15,-0.05999999999999983,-252.0,0.0
test,0,1.2654761904761904,2018,False,40,150,0.0,90.0,5315.0,0.0,432.01,2018-10-25,0,2019-03-24,3750.0,1565.0,1565.0,41.73333333333333,42,f2017,4847.0,0.0,1.154047619047619,rainfed_oct15,0.11142857142857143,468.0,0.0
test,0,1.230952380952381,2019,False,41,150,0.0,90.0,5170.0,0.0,439.82,2019-10-26,0,2020-03-24,3700.0,1470.0,1470.0,39.729729729729726,42,f2017,5408.0,0.0,1.2876190476190477,rainfed_oct15,-0.05666666666666664,-238.0,0.0
test,0,1.3095238095238095,2020,False,44,150,0.0,105.0,5500.0,0.0,398.35,2020-10-29,0,2021-03-28,4050.0,1450.0,1450.0,35.80246913580247,42,f2017,5982.0,0.0,1.4242857142857144,rainfed_oct15,-0.11476190476190484,-482.0,0.0
test,0,1.0014285714285711,2021,False,30,150,0.5,100.0,4206.0,0.0,461.05,2021-10-15,0,2022-03-14,3700.0,506.0,506.0,13.675675675675675,42,f2021,4206.0,0.0,1.0014285714285713,rainfed_oct15,-2.220446049250313e-16,0.0,0.0
test,0,1.370952380952381,2022,False,40,150,1.5,90.0,5758.0,0.0,531.1099999999998,2022-10-25,0,2023-03-24,3923.0,1835.0,1835.0,46.77542696915626,42,f2021,5780.0,0.0,1.3761904761904762,rainfed_oct15,-0.005238095238095264,-22.0,0.0
test,0,0.5604285714285714,2023,False,29,129,6.0,190.0,4017.0,66.0,519.32,2023-10-14,11,2024-03-12,4154.0,-137.0,137.0,3.2980259990370726,42,f2021,3229.0,0.0,0.7688095238095238,rainfed_oct15,-0.20838095238095244,788.0,66.0
test,0,1.3714285714285714,2024,False,38,150,2.0,60.0,5760.0,0.0,590.0500000000001,2024-10-23,0,2025-03-22,3827.0,1933.0,1933.0,50.509537496733735,42,f2021,5566.0,0.0,1.3252380952380953,rainfed_oct15,0.046190476190476115,194.0,0.0
test,0,1.0747619047619048,2005,False,36,150,0.0,115.0,4514.0,0.0,473.0200000000001,2005-10-21,0,2006-03-20,3150.0,1364.0,1364.0,43.3015873015873,42,f2005,5019.0,0.0,1.195,retrospective_oracle,-0.12023809523809526,-505.0,0.0
test,0,1.309761904761905,2006,False,49,150,0.0,120.0,5501.0,0.0,587.2599999999999,2006-11-03,0,2007-04-02,3000.0,2501.0,2501.0,83.36666666666666,42,f2005,5655.0,0.0,1.3464285714285715,retrospective_oracle,-0.036666666666666625,-154.0,0.0
test,0,1.328809523809524,2007,False,51,150,0.0,115.0,5581.0,0.0,566.05,2007-11-05,0,2008-04-03,3300.0,2281.0,2281.0,69.12121212121212,42,f2005,5711.0,0.0,1.3597619047619047,retrospective_oracle,-0.03095238095238062,-130.0,0.0
test,0,0.9257142857142856,2008,False,31,150,0.0,120.0,3888.0,0.0,555.15,2008-10-16,0,2009-03-15,3126.0,762.0,762.0,24.37619961612284,42,f2005,5297.0,0.0,1.2611904761904762,retrospective_oracle,-0.3354761904761906,-1409.0,0.0
test,0,1.2435714285714283,2009,False,32,136,9.0,110.0,5223.0,0.0,784.19,2009-10-17,0,2010-03-16,2578.0,2645.0,2645.0,102.5989138867339,42,f2009,5554.0,0.0,1.3223809523809524,retrospective_oracle,-0.0788095238095241,-331.0,0.0
test,0,1.3042857142857145,2010,False,41,150,0.0,105.0,5478.0,0.0,854.1199999999999,2010-10-26,0,2011-03-25,3245.0,2233.0,2233.0,68.8135593220339,42,f2009,5824.0,0.0,1.3866666666666667,retrospective_oracle,-0.08238095238095222,-346.0,0.0
test,0,1.4911904761904762,2011,False,31,142,7.5,110.0,6263.0,0.0,561.71,2011-10-16,0,2012-03-14,3496.0,2767.0,2767.0,79.14759725400458,42,f2009,6380.0,0.0,1.519047619047619,retrospective_oracle,-0.027857142857142803,-117.0,0.0
test,0,1.3614285714285714,2012,False,33,150,0.5,110.0,5718.0,0.0,633.8700000000001,2012-10-18,0,2013-03-17,3546.0,2172.0,2172.0,61.25211505922166,42,f2009,5980.0,0.0,1.4238095238095239,retrospective_oracle,-0.062380952380952426,-262.0,0.0
test,0,0.8983333333333333,2013,False,43,150,0.0,125.0,3773.0,0.0,366.30000000000007,2013-10-28,0,2014-03-27,3690.0,83.0,83.0,2.2493224932249323,42,f2013,5114.0,0.0,1.2176190476190476,retrospective_oracle,-0.3192857142857143,-1341.0,0.0
test,0,1.4,2014,False,30,150,0.0,110.0,5880.0,0.0,570.97,2014-10-15,0,2015-03-14,3542.0,2338.0,2338.0,66.00790513833992,42,f2013,5896.0,0.0,1.4038095238095238,retrospective_oracle,-0.003809523809523929,-16.0,0.0
test,0,1.233809523809524,2015,False,31,142,0.0,100.0,5182.0,0.0,688.68,2015-10-16,0,2016-03-14,3727.0,1455.0,1455.0,39.03944191038369,42,f2013,5409.0,0.0,1.2878571428571428,retrospective_oracle,-0.0540476190476189,-227.0,0.0
test,0,1.386904761904762,2016,False,53,150,0.0,50.0,5825.0,0.0,647.4900000000001,2016-11-07,0,2017-04-06,3381.0,2444.0,2444.0,72.2863058266785,42,f2013,6112.0,0.0,1.4552380952380952,retrospective_oracle,-0.06833333333333313,-287.0,0.0
test,0,1.3335714285714286,2017,False,35,150,0.0,75.0,5601.0,0.0,887.5900000000001,2017-10-20,0,2018-03-19,4000.0,1601.0,1601.0,40.025,42,f2017,5950.0,0.0,1.4166666666666667,retrospective_oracle,-0.08309523809523811,-349.0,0.0
test,0,1.2654761904761904,2018,False,40,150,0.0,90.0,5315.0,0.0,432.01,2018-10-25,0,2019-03-24,3750.0,1565.0,1565.0,41.73333333333333,42,f2017,5773.0,0.0,1.3745238095238095,retrospective_oracle,-0.10904761904761906,-458.0,0.0
test,0,1.230952380952381,2019,False,41,150,0.0,90.0,5170.0,0.0,439.82,2019-10-26,0,2020-03-24,3700.0,1470.0,1470.0,39.729729729729726,42,f2017,5859.0,0.0,1.395,retrospective_oracle,-0.164047619047619,-689.0,0.0
test,0,1.3095238095238095,2020,False,44,150,0.0,105.0,5500.0,0.0,398.35,2020-10-29,0,2021-03-28,4050.0,1450.0,1450.0,35.80246913580247,42,f2017,5883.0,0.0,1.4007142857142858,retrospective_oracle,-0.09119047619047627,-383.0,0.0
test,0,1.0014285714285711,2021,False,30,150,0.5,100.0,4206.0,0.0,461.05,2021-10-15,0,2022-03-14,3700.0,506.0,506.0,13.675675675675675,42,f2021,5686.0,0.0,1.3538095238095238,retrospective_oracle,-0.3523809523809527,-1480.0,0.0
test,0,1.370952380952381,2022,False,40,150,1.5,90.0,5758.0,0.0,531.1099999999998,2022-10-25,0,2023-03-24,3923.0,1835.0,1835.0,46.77542696915626,42,f2021,6366.0,0.0,1.5157142857142858,retrospective_oracle,-0.14476190476190487,-608.0,0.0
test,0,0.5604285714285714,2023,False,29,129,6.0,190.0,4017.0,66.0,519.32,2023-10-14,11,2024-03-12,4154.0,-137.0,137.0,3.2980259990370726,42,f2021,4132.0,0.0,0.9838095238095238,retrospective_oracle,-0.4233809523809524,-115.0,66.0
test,0,1.3714285714285714,2024,False,38,150,2.0,60.0,5760.0,0.0,590.0500000000001,2024-10-23,0,2025-03-22,3827.0,1933.0,1933.0,50.509537496733735,42,f2021,5799.0,0.0,1.3807142857142858,retrospective_oracle,-0.009285714285714342,-39.0,0.0
