comparator,year,yield_kg_ha,irrigation_mm,reward
PPO,2005,4514.0,0.0,1.0747619047619048
PPO,2006,5501.0,0.0,1.309761904761905
PPO,2007,5581.0,0.0,1.328809523809524
PPO,2008,3888.0,0.0,0.9257142857142856
PPO,2009,5223.0,0.0,1.2435714285714283
PPO,2010,5478.0,0.0,1.3042857142857145
PPO,2011,6263.0,0.0,1.4911904761904762
PPO,2012,5718.0,0.0,1.3614285714285714
PPO,2013,3773.0,0.0,0.8983333333333333
PPO,2014,5880.0,0.0,1.4
PPO,2015,5182.0,0.0,1.233809523809524
PPO,2016,5825.0,0.0,1.386904761904762
PPO,2017,5601.0,0.0,1.3335714285714286
PPO,2018,5315.0,0.0,1.2654761904761904
PPO,2019,5170.0,0.0,1.230952380952381
PPO,2020,5500.0,0.0,1.3095238095238095
PPO,2021,4206.0,0.0,1.0014285714285711
PPO,2022,5758.0,0.0,1.370952380952381
PPO,2023,4017.0,66.0,0.5604285714285714
PPO,2024,5760.0,0.0,1.3714285714285714
contextual_knn,2005,5459.0,75.0,0.8497619047619047
contextual_knn,2006,5592.0,0.0,1.3314285714285714
contextual_knn,2007,5410.0,0.0,1.2880952380952382
contextual_knn,2008,5273.0,45.0,0.9854761904761904
contextual_knn,2009,4906.0,0.0,1.168095238095238
contextual_knn,2010,5485.0,0.0,1.305952380952381
contextual_knn,2011,5806.0,0.0,1.3823809523809525
contextual_knn,2012,5402.0,0.0,1.286190476190476
contextual_knn,2013,5158.0,60.0,0.8680952380952381
contextual_knn,2014,5729.0,0.0,1.364047619047619
contextual_knn,2015,5409.0,0.0,1.2878571428571428
contextual_knn,2016,5814.0,0.0,1.3842857142857143
contextual_knn,2017,5545.0,0.0,1.3202380952380952
contextual_knn,2018,4812.0,0.0,1.1457142857142857
contextual_knn,2019,5447.0,0.0,1.296904761904762
contextual_knn,2020,5666.0,0.0,1.349047619047619
contextual_knn,2021,5895.0,90.0,0.8635714285714284
contextual_knn,2022,5528.0,0.0,1.3161904761904761
contextual_knn,2023,4844.0,105.0,0.5233333333333333
contextual_knn,2024,5584.0,0.0,1.3295238095238096
irrigated_nov10_45_18_120,2005,5470.0,120.0,0.5823809523809524
irrigated_nov10_45_18_120,2006,5278.0,18.0,1.1486666666666665
irrigated_nov10_45_18_120,2007,5468.0,72.0,0.869904761904762
irrigated_nov10_45_18_120,2008,5419.0,120.0,0.5702380952380952
irrigated_nov10_45_18_120,2009,4976.0,0.0,1.1847619047619047
irrigated_nov10_45_18_120,2010,5363.0,18.0,1.168904761904762
irrigated_nov10_45_18_120,2011,5948.0,120.0,0.6961904761904762
irrigated_nov10_45_18_120,2012,5321.0,54.0,0.9429047619047619
irrigated_nov10_45_18_120,2013,5531.0,120.0,0.5969047619047618
irrigated_nov10_45_18_120,2014,5543.0,18.0,1.2117619047619046
irrigated_nov10_45_18_120,2015,5088.0,18.0,1.1034285714285714
irrigated_nov10_45_18_120,2016,5697.0,36.0,1.1404285714285716
irrigated_nov10_45_18_120,2017,5392.0,54.0,0.9598095238095237
irrigated_nov10_45_18_120,2018,5568.0,108.0,0.6777142857142856
irrigated_nov10_45_18_120,2019,5689.0,120.0,0.6345238095238095
irrigated_nov10_45_18_120,2020,5640.0,120.0,0.6228571428571428
irrigated_nov10_45_18_120,2021,5983.0,120.0,0.7045238095238096
irrigated_nov10_45_18_120,2022,5528.0,72.0,0.8841904761904762
irrigated_nov10_45_18_120,2023,5427.0,120.0,0.5721428571428571
irrigated_nov10_45_18_120,2024,5884.0,120.0,0.680952380952381
irrigated_oct15_45_18_120,2005,5850.0,120.0,0.6728571428571428
irrigated_oct15_45_18_120,2006,5682.0,18.0,1.2448571428571427
irrigated_oct15_45_18_120,2007,5676.0,72.0,0.9194285714285715
irrigated_oct15_45_18_120,2008,5735.0,120.0,0.6454761904761905
irrigated_oct15_45_18_120,2009,5341.0,18.0,1.1636666666666666
irrigated_oct15_45_18_120,2010,5702.0,0.0,1.3576190476190477
irrigated_oct15_45_18_120,2011,6326.0,120.0,0.7861904761904761
irrigated_oct15_45_18_120,2012,5695.0,36.0,1.139952380952381
irrigated_oct15_45_18_120,2013,6169.0,120.0,0.7488095238095238
irrigated_oct15_45_18_120,2014,5880.0,36.0,1.184
irrigated_oct15_45_18_120,2015,5166.0,36.0,1.014
irrigated_oct15_45_18_120,2016,6024.0,18.0,1.3262857142857143
irrigated_oct15_45_18_120,2017,5857.0,36.0,1.1785238095238095
irrigated_oct15_45_18_120,2018,6170.0,120.0,0.7490476190476192
irrigated_oct15_45_18_120,2019,5729.0,120.0,0.644047619047619
irrigated_oct15_45_18_120,2020,6019.0,120.0,0.7130952380952382
irrigated_oct15_45_18_120,2021,6308.0,120.0,0.7819047619047619
irrigated_oct15_45_18_120,2022,5780.0,54.0,1.0521904761904761
irrigated_oct15_45_18_120,2023,5449.0,120.0,0.5773809523809523
irrigated_oct15_45_18_120,2024,5640.0,120.0,0.6228571428571428
irrigated_sep25_45_18_120,2005,5511.0,120.0,0.5921428571428571
irrigated_sep25_45_18_120,2006,5385.0,18.0,1.1741428571428572
irrigated_sep25_45_18_120,2007,5348.0,54.0,0.9493333333333334
irrigated_sep25_45_18_120,2008,5377.0,120.0,0.5602380952380952
irrigated_sep25_45_18_120,2009,5451.0,18.0,1.1898571428571427
irrigated_sep25_45_18_120,2010,5843.0,0.0,1.391190476190476
irrigated_sep25_45_18_120,2011,6111.0,108.0,0.807
irrigated_sep25_45_18_120,2012,5740.0,72.0,0.9346666666666668
irrigated_sep25_45_18_120,2013,6434.0,120.0,0.8119047619047619
irrigated_sep25_45_18_120,2014,5906.0,108.0,0.7581904761904762
irrigated_sep25_45_18_120,2015,4934.0,36.0,0.9587619047619047
irrigated_sep25_45_18_120,2016,5946.0,18.0,1.3077142857142856
irrigated_sep25_45_18_120,2017,5487.0,36.0,1.0904285714285715
irrigated_sep25_45_18_120,2018,5747.0,120.0,0.6483333333333334
irrigated_sep25_45_18_120,2019,5468.0,120.0,0.5819047619047619
irrigated_sep25_45_18_120,2020,5676.0,120.0,0.6314285714285715
irrigated_sep25_45_18_120,2021,6108.0,120.0,0.7342857142857142
irrigated_sep25_45_18_120,2022,6215.0,54.0,1.1557619047619048
irrigated_sep25_45_18_120,2023,5399.0,120.0,0.5654761904761905
irrigated_sep25_45_18_120,2024,5850.0,90.0,0.8528571428571428
optimized_fixed_rule,2005,4879.0,0.0,1.1616666666666666
optimized_fixed_rule,2006,5592.0,0.0,1.3314285714285714
optimized_fixed_rule,2007,5711.0,0.0,1.3597619047619047
optimized_fixed_rule,2008,4692.0,0.0,1.1171428571428572
optimized_fixed_rule,2009,5135.0,0.0,1.2226190476190477
optimized_fixed_rule,2010,5485.0,0.0,1.305952380952381
optimized_fixed_rule,2011,6226.0,0.0,1.4823809523809524
optimized_fixed_rule,2012,5402.0,0.0,1.286190476190476
optimized_fixed_rule,2013,3878.0,0.0,0.9233333333333333
optimized_fixed_rule,2014,5729.0,0.0,1.364047619047619
optimized_fixed_rule,2015,5297.0,0.0,1.2611904761904762
optimized_fixed_rule,2016,6038.0,0.0,1.4376190476190476
optimized_fixed_rule,2017,5545.0,0.0,1.3202380952380952
optimized_fixed_rule,2018,5315.0,0.0,1.2654761904761904
optimized_fixed_rule,2019,5193.0,0.0,1.2364285714285714
optimized_fixed_rule,2020,5666.0,0.0,1.349047619047619
optimized_fixed_rule,2021,4598.0,0.0,1.0947619047619048
optimized_fixed_rule,2022,5758.0,0.0,1.370952380952381
optimized_fixed_rule,2023,2832.0,0.0,0.6742857142857143
optimized_fixed_rule,2024,5799.0,0.0,1.3807142857142858
rainfed_oct15,2005,4476.0,0.0,1.0657142857142856
rainfed_oct15,2006,5682.0,0.0,1.3528571428571428
rainfed_oct15,2007,5562.0,0.0,1.3242857142857143
rainfed_oct15,2008,3821.0,0.0,0.9097619047619048
rainfed_oct15,2009,5341.0,0.0,1.2716666666666667
rainfed_oct15,2010,5702.0,0.0,1.3576190476190477
rainfed_oct15,2011,6326.0,0.0,1.506190476190476
rainfed_oct15,2012,5695.0,0.0,1.355952380952381
rainfed_oct15,2013,3938.0,0.0,0.9376190476190476
rainfed_oct15,2014,5880.0,0.0,1.4
rainfed_oct15,2015,5166.0,0.0,1.23
rainfed_oct15,2016,6024.0,0.0,1.4342857142857144
rainfed_oct15,2017,5853.0,0.0,1.3935714285714285
rainfed_oct15,2018,4847.0,0.0,1.154047619047619
rainfed_oct15,2019,5408.0,0.0,1.2876190476190477
rainfed_oct15,2020,5982.0,0.0,1.4242857142857144
rainfed_oct15,2021,4206.0,0.0,1.0014285714285713
rainfed_oct15,2022,5780.0,0.0,1.3761904761904762
rainfed_oct15,2023,3229.0,0.0,0.7688095238095238
rainfed_oct15,2024,5566.0,0.0,1.3252380952380953
retrospective_oracle,2005,5019.0,0.0,1.195
retrospective_oracle,2006,5655.0,0.0,1.3464285714285715
retrospective_oracle,2007,5711.0,0.0,1.3597619047619047
retrospective_oracle,2008,5297.0,0.0,1.2611904761904762
retrospective_oracle,2009,5554.0,0.0,1.3223809523809524
retrospective_oracle,2010,5824.0,0.0,1.3866666666666667
retrospective_oracle,2011,6380.0,0.0,1.519047619047619
retrospective_oracle,2012,5980.0,0.0,1.4238095238095239
retrospective_oracle,2013,5114.0,0.0,1.2176190476190476
retrospective_oracle,2014,5896.0,0.0,1.4038095238095238
retrospective_oracle,2015,5409.0,0.0,1.2878571428571428
retrospective_oracle,2016,6112.0,0.0,1.4552380952380952
retrospective_oracle,2017,5950.0,0.0,1.4166666666666667
retrospective_oracle,2018,5773.0,0.0,1.3745238095238095
retrospective_oracle,2019,5859.0,0.0,1.395
retrospective_oracle,2020,5883.0,0.0,1.4007142857142858
retrospective_oracle,2021,5686.0,0.0,1.3538095238095238
retrospective_oracle,2022,6366.0,0.0,1.5157142857142858
retrospective_oracle,2023,4132.0,0.0,0.9838095238095238
retrospective_oracle,2024,5799.0,0.0,1.3807142857142858
