context_variable,action,spearman_rho
rain_30d,planting_offset_days,-0.018161972643913386
rain_30d,trigger_dryness,-0.08161649079695411
rain_30d,irrigation_mm,0.12419570511991196
rain_90d,planting_offset_days,-0.144604182855264
rain_90d,trigger_dryness,-0.526510506352516
rain_90d,irrigation_mm,0.07294656830363208
temp_30d,planting_offset_days,-0.257364774601415
temp_30d,trigger_dryness,0.17970052097414785
temp_30d,irrigation_mm,0.03652237336332589
srad_90d,planting_offset_days,0.20125510414853023
srad_90d,trigger_dryness,0.5335723161232391
srad_90d,irrigation_mm,-0.1415405598533911
oni_mjj,planting_offset_days,-0.3967067965085253
oni_mjj,trigger_dryness,-0.027616183741679252
oni_mjj,irrigation_mm,0.028799004085776687
oni_change,planting_offset_days,-0.45431994151802535
oni_change,trigger_dryness,-0.05961970461750993
oni_change,irrigation_mm,0.14664583785041513
