year,PPO,contextual_knn,irrigated_nov10_45_18_120,irrigated_oct15_45_18_120,irrigated_sep25_45_18_120,optimized_fixed_rule,rainfed_oct15,retrospective_oracle
2005,71.0,75.0,120.0,120.0,120.0,80.0,0.0,80.0
2006,0.0,0.0,18.0,18.0,18.0,0.0,0.0,0.0
2007,0.0,0.0,72.0,72.0,54.0,0.0,0.0,0.0
2008,41.3,45.0,120.0,120.0,120.0,75.0,0.0,0.0
2009,0.0,0.0,0.0,18.0,18.0,0.0,0.0,0.0
2010,0.0,0.0,18.0,0.0,0.0,0.0,0.0,0.0
2011,14.2,60.0,120.0,120.0,108.0,15.0,0.0,0.0
2012,0.0,0.0,54.0,36.0,72.0,0.0,0.0,0.0
2013,85.4,60.0,120.0,120.0,120.0,80.0,0.0,80.0
2014,9.5,0.0,18.0,36.0,108.0,0.0,0.0,0.0
2015,0.0,15.0,18.0,36.0,36.0,0.0,0.0,0.0
2016,0.0,0.0,36.0,18.0,18.0,0.0,0.0,0.0
2017,0.0,0.0,54.0,36.0,36.0,0.0,0.0,0.0
2018,60.3,0.0,108.0,120.0,120.0,75.0,0.0,0.0
2019,29.7,0.0,120.0,120.0,120.0,45.0,0.0,0.0
2020,42.7,35.0,120.0,120.0,120.0,60.0,0.0,0.0
2021,93.4,90.0,120.0,120.0,120.0,80.0,0.0,70.0
2022,0.0,0.0,72.0,54.0,54.0,0.0,0.0,0.0
2023,105.9,105.0,120.0,120.0,120.0,80.0,0.0,80.0
2024,3.4,0.0,120.0,120.0,90.0,15.0,0.0,0.0
