comparator,n_seasons,n_seeds,mean_d_reward,ci95_d_reward_low,ci95_d_reward_high,mean_d_yield,ci95_d_yield_low,ci95_d_yield_high,mean_d_irrigation,seasons_ppo_better_reward,sd_seed_d_yield,seeds
contextual_knn,20,3,0.0154486111111111,-0.0214477976190475,0.0473338988095237,84.46666666666667,-74.33583333333333,231.9175,3.108333333333334,12,95.1020679761136,42-44
irrigated_nov10_45_18_120,20,3,0.0940426587301586,0.0536337202380951,0.1313269345238095,79.71666666666667,-94.78,225.58708333333328,-50.04166666666667,18,95.1020679761136,42-44
irrigated_oct15_45_18_120,20,3,0.0209926587301587,-0.0216303869047619,0.0601078918650793,-219.53333333333336,-390.9341666666666,-83.0120833333334,-48.84166666666668,13,95.10206797611362,42-44
irrigated_sep25_45_18_120,20,3,0.0515212301587301,0.0062135813492063,0.0952378174603174,-106.43333333333337,-277.8454166666667,51.46874999999998,-51.241666666666674,13,95.1020679761136,42-44
optimized_fixed_rule,20,3,-0.0176466269841269,-0.0462340972222221,0.0076404017857142,-92.33333333333334,-226.23291666666665,21.29999999999999,-2.8916666666666657,10,95.10206797611362,42-44
rainfed_oct15,20,3,0.0461450396825397,0.0011959722222222,0.0972550297619048,366.1666666666666,106.48333333333336,672.2483333333331,27.358333333333334,11,95.1020679761136,42-44
retrospective_oracle,20,3,-0.0862835317460317,-0.1222299603174604,-0.0547404166666667,-287.68333333333334,-422.73416666666674,-163.53000000000006,11.858333333333333,2,95.1020679761136,42-44
contextual_knn,20,5,0.0151888095238095,-0.0206865297619047,0.0449175595238095,86.41,-73.93325,230.22624999999996,3.5900000000000007,14,73.14656861398215,42-46
irrigated_nov10_45_18_120,20,5,0.0937828571428571,0.0545699345238094,0.1292197886904761,81.66,-92.35175,221.34025,-49.56,18,73.14656861398215,42-46
irrigated_oct15_45_18_120,20,5,0.0207328571428571,-0.0205721755952381,0.0578114315476189,-217.59,-386.39375,-87.75150000000012,-48.36,12,73.14656861398217,42-46
irrigated_sep25_45_18_120,20,5,0.0512614285714285,0.0078005624999999,0.0934265714285712,-104.48999999999998,-272.1045,51.31974999999971,-50.76,14,73.14656861398215,42-46
optimized_fixed_rule,20,5,-0.0179064285714285,-0.0451745863095238,0.0048483988095238,-90.39,-224.5675,16.521999999999974,-2.4100000000000006,10,73.14656861398217,42-46
rainfed_oct15,20,5,0.0458852380952381,-0.0013087678571428,0.1006642678571428,368.11,96.91474999999998,690.1115,27.84,12,73.14656861398215,42-46
retrospective_oracle,20,5,-0.0865433333333333,-0.1207152351190476,-0.0566324226190476,-285.73999999999995,-414.88675,-167.10925000000006,12.34,2,73.14656861398215,42-46
