comparator,metric,n_seasons,n_seeds,mu,se,df_satterthwaite,ci95_low,ci95_high,sd_season,sd_seed,sd_residual
contextual_knn,d_yield,20,1,17.0,45.14747763543502,19.0,-77.49475668682457,111.49475668682457,201.90565801096835,,
contextual_knn,d_irrigation,20,1,-37.725,10.597074757736337,19.0,-59.90493237430477,-15.545067625695232,47.39155904189113,,
contextual_knn,d_reward,20,1,0.00404761904761904,0.010749399437008325,19.0,-0.018451132544482024,0.026546370639720103,0.04807277571689717,,
irrigated_nov10_45_18_120,d_yield,20,1,303.45,49.89138070269305,19.0,199.02614008162323,407.87385991837675,223.12103748508576,,
irrigated_nov10_45_18_120,d_irrigation,20,1,-15.375,8.40628485122887,19.0,-32.96955640182981,2.219556401829813,37.59404873114892,,
irrigated_nov10_45_18_120,d_reward,20,1,0.07225000000000002,0.01187890016730787,19.0,0.047387176209910314,0.09711282379008973,0.05312405654406805,,
irrigated_oct15_45_18_120,d_yield,20,1,4.2,35.82748136630081,19.0,-70.78778030853141,79.18778030853142,160.2253675953113,,
irrigated_oct15_45_18_120,d_irrigation,20,1,-14.175,7.635812006591046,19.0,-30.156938204734487,1.806938204734486,34.148389420293306,,
irrigated_oct15_45_18_120,d_reward,20,1,0.0010000000000000252,0.008530352706262094,19.0,-0.01685423340679316,0.01885423340679321,0.03814889704650268,,
irrigated_sep25_45_18_120,d_yield,20,1,117.3,54.83204499099716,19.0,2.5352108814468295,232.06478911855316,245.216359890393,,
irrigated_sep25_45_18_120,d_irrigation,20,1,-16.575,6.766429809613121,19.0,-30.737300353985383,-2.412699646014614,30.260394038551798,,
irrigated_sep25_45_18_120,d_reward,20,1,0.027928571428571424,0.013055248807380258,19.0,0.0006036216384397546,0.0552535212187031,0.05838484759295064,,
optimized_fixed_rule,d_yield,20,1,86.2,50.58544621154441,19.0,-19.676555723737778,192.07655572373778,226.224992802345,,
optimized_fixed_rule,d_irrigation,20,1,-59.975,7.471302553243663,19.0,-75.61261596170087,-44.33738403829914,33.412680779041146,,
optimized_fixed_rule,d_reward,20,1,0.02052380952380953,0.012044153859891507,19.0,-0.0046848942199375215,0.045732513267556583,0.05386309352436778,,
rainfed_oct15,d_yield,20,1,589.9,207.2109514988352,19.0,156.202494176114,1023.597505823886,926.6755464676148,,
rainfed_oct15,d_irrigation,20,1,62.025,12.443000304546624,19.0,35.981501053574576,88.06849894642542,55.646789050033675,,
rainfed_oct15,d_reward,20,1,0.14045238095238097,0.049335940833056,19.0,0.03719107004193192,0.24371369186283,0.22063703487324166,,
retrospective_oracle,d_yield,20,1,-140.15,39.43303951337201,19.0,-222.68430023991914,-57.61569976008089,176.3499138226701,,
retrospective_oracle,d_irrigation,20,1,-30.475,12.468089532039276,19.0,-56.57101130307407,-4.3789886969259335,55.758991486386726,,
retrospective_oracle,d_reward,20,1,-0.03336904761904756,0.00938881893175523,19.0,-0.05302007148569495,-0.013718023752400173,0.04198807471968331,,
