year,sowing_offset_mean,sowing_offset_sd,trigger_mean,irrigation_mean
2005,29.8,4.868264577855235,119.4,71.0
2006,36.8,6.099180272790763,114.2,0.0
2007,40.0,2.5495097567963922,124.8,0.0
2008,23.4,5.504543577809153,123.6,41.3
2009,34.2,9.418067742376884,82.2,0.0
2010,49.2,3.03315017762062,93.2,0.0
2011,35.8,7.259476565152615,84.0,14.2
2012,36.6,5.85662018573853,88.4,0.0
2013,26.8,5.403702434442518,100.8,85.4
2014,21.6,3.7815340802378072,103.6,9.5
2015,24.4,2.4083189157584592,97.2,0.0
2016,45.2,5.06951674225463,91.6,0.0
2017,28.4,3.847076812334269,111.4,0.0
2018,30.0,6.442049363362563,116.8,60.3
2019,31.2,6.220932405998316,116.0,29.7
2020,36.0,3.7416573867739413,100.4,42.7
2021,29.8,3.834057902536163,116.2,93.4
2022,35.8,4.147288270665545,107.0,0.0
2023,26.2,3.834057902536163,102.0,105.9
2024,32.0,1.0,107.2,3.4
