year,rainfed_sowing_range_kg_ha,best_rainfed_kg_ha,best_any_kg_ha,irrigation_gain_kg_ha,rainfed_oct15_kg_ha
1984,1342.0,5214.0,5344.0,130.0,4974.0
1985,3030.0,4875.0,5571.0,696.0,2992.0
1986,1462.0,5308.0,5308.0,0.0,5056.0
1987,1826.0,4970.0,5272.0,302.0,4247.0
1988,2529.0,4807.0,5684.0,877.0,4131.0
1989,1718.0,5701.0,5733.0,32.0,5490.0
1990,1971.0,4495.0,5472.0,977.0,2779.0
1991,1326.0,5444.0,5806.0,362.0,5238.0
1992,1051.0,4876.0,5324.0,448.0,4867.0
1993,1131.0,5342.0,5499.0,157.0,5343.0
1994,1396.0,5303.0,5303.0,0.0,5295.0
1995,1292.0,5328.0,5671.0,343.0,5345.0
1996,1060.0,5491.0,5491.0,0.0,5505.0
1997,1298.0,5177.0,5177.0,0.0,5050.0
1998,1202.0,5563.0,5644.0,81.0,5471.0
1999,1212.0,5676.0,6015.0,339.0,5687.0
2000,1289.0,5596.0,5596.0,0.0,5393.0
2001,1277.0,5821.0,5821.0,0.0,5696.0
2002,835.0,5273.0,5273.0,0.0,5168.0
2003,1194.0,6088.0,6088.0,0.0,5931.0
2004,4078.0,5846.0,5901.0,55.0,5740.0
2005,2535.0,5019.0,5842.0,823.0,4476.0
2006,1046.0,5655.0,5662.0,7.0,5682.0
2007,1199.0,5711.0,5790.0,79.0,5562.0
2008,2027.0,5297.0,5685.0,388.0,3821.0
2009,1384.0,5554.0,5554.0,0.0,5341.0
2010,1521.0,5824.0,5824.0,0.0,5702.0
2011,1895.0,6380.0,6397.0,17.0,6326.0
2012,1950.0,5980.0,5980.0,0.0,5695.0
2013,1375.0,5114.0,6487.0,1373.0,3938.0
2014,1402.0,5896.0,5896.0,0.0,5880.0
2015,1376.0,5409.0,5409.0,0.0,5166.0
2016,1555.0,6112.0,6112.0,0.0,6024.0
2017,1581.0,5950.0,5950.0,0.0,5853.0
2018,2780.0,5773.0,6138.0,365.0,4847.0
2019,2233.0,5859.0,5941.0,82.0,5408.0
2020,1977.0,5883.0,5928.0,45.0,5982.0
2021,3407.0,5686.0,6378.0,692.0,4206.0
2022,1700.0,6366.0,6366.0,0.0,5780.0
2023,1418.0,4132.0,5860.0,1728.0,3229.0
2024,1163.0,5799.0,5886.0,87.0,5566.0
