fold,comparator,reward,yield_kg_ha,irrigation_mm
f2005,PPO,1.2065065476190475,5244.2,28.075
f2005,contextual_knn,1.247202380952381,5427.25,30.0
f2005,irrigated_nov10_45_18_120,1.164047619047619,5408.75,82.5
f2005,irrigated_oct15_45_18_120,1.2419047619047618,5735.75,82.5
f2005,irrigated_sep25_45_18_120,1.1699642857142858,5405.25,78.0
f2005,optimized_fixed_rule,1.2784226190476191,5613.5,38.75
f2005,rainfed_oct15,1.163154761904762,4885.25,0.0
f2005,retrospective_oracle,1.3095833333333333,5626.25,20.0
f2009,PPO,1.3343059523809524,5626.45,3.55
f2009,contextual_knn,1.2920238095238095,5521.0,15.0
f2009,irrigated_nov10_45_18_120,1.2141904761904763,5402.0,48.0
f2009,irrigated_oct15_45_18_120,1.3076071428571427,5766.0,43.5
f2009,irrigated_sep25_45_18_120,1.3034285714285714,5786.25,49.5
f2009,optimized_fixed_rule,1.3186607142857143,5562.0,3.75
f2009,rainfed_oct15,1.3728571428571428,5766.0,0.0
f2009,retrospective_oracle,1.4129761904761906,5934.5,0.0
f2013,PPO,1.3319482142857142,5743.65,23.725
f2013,contextual_knn,1.3056845238095238,5602.0,18.75
f2013,irrigated_nov10_45_18_120,1.2291309523809524,5464.75,48.0
f2013,irrigated_oct15_45_18_120,1.3045238095238096,5809.75,52.5
f2013,irrigated_sep25_45_18_120,1.276392857142857,5805.0,70.5
f2013,optimized_fixed_rule,1.3471428571428572,5784.0,20.0
f2013,rainfed_oct15,1.2504761904761905,5252.0,0.0
f2013,retrospective_oracle,1.3921428571428571,5973.0,20.0
f2017,PPO,1.308785119047619,5705.9,33.175
f2017,contextual_knn,1.2866369047619048,5459.0,8.75
f2017,irrigated_nov10_45_18_120,1.1759761904761905,5572.25,100.5
f2017,irrigated_oct15_45_18_120,1.2666785714285715,5943.75,99.0
f2017,irrigated_sep25_45_18_120,1.1835238095238096,5594.5,99.0
f2017,optimized_fixed_rule,1.3080952380952382,5777.5,45.0
f2017,rainfed_oct15,1.3148809523809524,5522.5,0.0
f2017,retrospective_oracle,1.3967261904761905,5866.25,0.0
f2021,PPO,1.2671660714285715,5641.35,50.675
f2021,contextual_knn,1.241220238095238,5520.25,48.75
f2021,irrigated_nov10_45_18_120,1.196452380952381,5705.5,108.0
f2021,irrigated_oct15_45_18_120,1.2243333333333333,5794.25,103.5
f2021,irrigated_sep25_45_18_120,1.259095238095238,5893.0,96.0
f2021,optimized_fixed_rule,1.285922619047619,5676.5,43.75
f2021,rainfed_oct15,1.1179166666666664,4695.25,0.0
f2021,retrospective_oracle,1.37,5990.25,37.5
