candidate_id,planting_offset_days,trigger_dryness,amount_mm,max_irrigation_mm
off000_trig9999_amt0_cap0,0,9999.0,0.0,0.0
off000_trig30_amt15_cap80,0,30.0,15.0,80.0
off000_trig30_amt15_cap160,0,30.0,15.0,160.0
off000_trig30_amt15_cap240,0,30.0,15.0,240.0
off000_trig30_amt25_cap80,0,30.0,25.0,80.0
off000_trig30_amt25_cap160,0,30.0,25.0,160.0
off000_trig30_amt25_cap240,0,30.0,25.0,240.0
off000_trig30_amt35_cap80,0,30.0,35.0,80.0
off000_trig30_amt35_cap160,0,30.0,35.0,160.0
off000_trig30_amt35_cap240,0,30.0,35.0,240.0
off000_trig60_amt15_cap80,0,60.0,15.0,80.0
off000_trig60_amt15_cap160,0,60.0,15.0,160.0
off000_trig60_amt15_cap240,0,60.0,15.0,240.0
off000_trig60_amt25_cap80,0,60.0,25.0,80.0
off000_trig60_amt25_cap160,0,60.0,25.0,160.0
off000_trig60_amt25_cap240,0,60.0,25.0,240.0
off000_trig60_amt35_cap80,0,60.0,35.0,80.0
off000_trig60_amt35_cap160,0,60.0,35.0,160.0
off000_trig60_amt35_cap240,0,60.0,35.0,240.0
off000_trig90_amt15_cap80,0,90.0,15.0,80.0
off000_trig90_amt15_cap160,0,90.0,15.0,160.0
off000_trig90_amt15_cap240,0,90.0,15.0,240.0
off000_trig90_amt25_cap80,0,90.0,25.0,80.0
off000_trig90_amt25_cap160,0,90.0,25.0,160.0
off000_trig90_amt25_cap240,0,90.0,25.0,240.0
off000_trig90_amt35_cap80,0,90.0,35.0,80.0
off000_trig90_amt35_cap160,0,90.0,35.0,160.0
off000_trig90_amt35_cap240,0,90.0,35.0,240.0
off000_trig120_amt15_cap80,0,120.0,15.0,80.0
off000_trig120_amt15_cap160,0,120.0,15.0,160.0
off000_trig120_amt15_cap240,0,120.0,15.0,240.0
off000_trig120_amt25_cap80,0,120.0,25.0,80.0
off000_trig120_amt25_cap160,0,120.0,25.0,160.0
off000_trig120_amt25_cap240,0,120.0,25.0,240.0
off000_trig120_amt35_cap80,0,120.0,35.0,80.0
off000_trig120_amt35_cap160,0,120.0,35.0,160.0
off000_trig120_amt35_cap240,0,120.0,35.0,240.0
off000_trig150_amt15_cap80,0,150.0,15.0,80.0
off000_trig150_amt15_cap160,0,150.0,15.0,160.0
off000_trig150_amt15_cap240,0,150.0,15.0,240.0
off000_trig150_amt25_cap80,0,150.0,25.0,80.0
off000_trig150_amt25_cap160,0,150.0,25.0,160.0
off000_trig150_amt25_cap240,0,150.0,25.0,240.0
off000_trig150_amt35_cap80,0,150.0,35.0,80.0
off000_trig150_amt35_cap160,0,150.0,35.0,160.0
off000_trig150_amt35_cap240,0,150.0,35.0,240.0
off008_trig9999_amt0_cap0,8,9999.0,0.0,0.0
off008_trig30_amt15_cap80,8,30.0,15.0,80.0
off008_trig30_amt15_cap160,8,30.0,15.0,160.0
off008_trig30_amt15_cap240,8,30.0,15.0,240.0
off008_trig30_amt25_cap80,8,30.0,25.0,80.0
off008_trig30_amt25_cap160,8,30.0,25.0,160.0
off008_trig30_amt25_cap240,8,30.0,25.0,240.0
off008_trig30_amt35_cap80,8,30.0,35.0,80.0
off008_trig30_amt35_cap160,8,30.0,35.0,160.0
off008_trig30_amt35_cap240,8,30.0,35.0,240.0
off008_trig60_amt15_cap80,8,60.0,15.0,80.0
off008_trig60_amt15_cap160,8,60.0,15.0,160.0
off008_trig60_amt15_cap240,8,60.0,15.0,240.0
off008_trig60_amt25_cap80,8,60.0,25.0,80.0
off008_trig60_amt25_cap160,8,60.0,25.0,160.0
off008_trig60_amt25_cap240,8,60.0,25.0,240.0
off008_trig60_amt35_cap80,8,60.0,35.0,80.0
off008_trig60_amt35_cap160,8,60.0,35.0,160.0
off008_trig60_amt35_cap240,8,60.0,35.0,240.0
off008_trig90_amt15_cap80,8,90.0,15.0,80.0
off008_trig90_amt15_cap160,8,90.0,15.0,160.0
off008_trig90_amt15_cap240,8,90.0,15.0,240.0
off008_trig90_amt25_cap80,8,90.0,25.0,80.0
off008_trig90_amt25_cap160,8,90.0,25.0,160.0
off008_trig90_amt25_cap240,8,90.0,25.0,240.0
off008_trig90_amt35_cap80,8,90.0,35.0,80.0
off008_trig90_amt35_cap160,8,90.0,35.0,160.0
off008_trig90_amt35_cap240,8,90.0,35.0,240.0
off008_trig120_amt15_cap80,8,120.0,15.0,80.0
off008_trig120_amt15_cap160,8,120.0,15.0,160.0
off008_trig120_amt15_cap240,8,120.0,15.0,240.0
off008_trig120_amt25_cap80,8,120.0,25.0,80.0
off008_trig120_amt25_cap160,8,120.0,25.0,160.0
off008_trig120_amt25_cap240,8,120.0,25.0,240.0
off008_trig120_amt35_cap80,8,120.0,35.0,80.0
off008_trig120_amt35_cap160,8,120.0,35.0,160.0
off008_trig120_amt35_cap240,8,120.0,35.0,240.0
off008_trig150_amt15_cap80,8,150.0,15.0,80.0
off008_trig150_amt15_cap160,8,150.0,15.0,160.0
off008_trig150_amt15_cap240,8,150.0,15.0,240.0
off008_trig150_amt25_cap80,8,150.0,25.0,80.0
off008_trig150_amt25_cap160,8,150.0,25.0,160.0
off008_trig150_amt25_cap240,8,150.0,25.0,240.0
off008_trig150_amt35_cap80,8,150.0,35.0,80.0
off008_trig150_amt35_cap160,8,150.0,35.0,160.0
off008_trig150_amt35_cap240,8,150.0,35.0,240.0
off016_trig9999_amt0_cap0,16,9999.0,0.0,0.0
off016_trig30_amt15_cap80,16,30.0,15.0,80.0
off016_trig30_amt15_cap160,16,30.0,15.0,160.0
off016_trig30_amt15_cap240,16,30.0,15.0,240.0
off016_trig30_amt25_cap80,16,30.0,25.0,80.0
off016_trig30_amt25_cap160,16,30.0,25.0,160.0
off016_trig30_amt25_cap240,16,30.0,25.0,240.0
off016_trig30_amt35_cap80,16,30.0,35.0,80.0
off016_trig30_amt35_cap160,16,30.0,35.0,160.0
off016_trig30_amt35_cap240,16,30.0,35.0,240.0
off016_trig60_amt15_cap80,16,60.0,15.0,80.0
off016_trig60_amt15_cap160,16,60.0,15.0,160.0
off016_trig60_amt15_cap240,16,60.0,15.0,240.0
off016_trig60_amt25_cap80,16,60.0,25.0,80.0
off016_trig60_amt25_cap160,16,60.0,25.0,160.0
off016_trig60_amt25_cap240,16,60.0,25.0,240.0
off016_trig60_amt35_cap80,16,60.0,35.0,80.0
off016_trig60_amt35_cap160,16,60.0,35.0,160.0
off016_trig60_amt35_cap240,16,60.0,35.0,240.0
off016_trig90_amt15_cap80,16,90.0,15.0,80.0
off016_trig90_amt15_cap160,16,90.0,15.0,160.0
off016_trig90_amt15_cap240,16,90.0,15.0,240.0
off016_trig90_amt25_cap80,16,90.0,25.0,80.0
off016_trig90_amt25_cap160,16,90.0,25.0,160.0
off016_trig90_amt25_cap240,16,90.0,25.0,240.0
off016_trig90_amt35_cap80,16,90.0,35.0,80.0
off016_trig90_amt35_cap160,16,90.0,35.0,160.0
off016_trig90_amt35_cap240,16,90.0,35.0,240.0
off016_trig120_amt15_cap80,16,120.0,15.0,80.0
off016_trig120_amt15_cap160,16,120.0,15.0,160.0
off016_trig120_amt15_cap240,16,120.0,15.0,240.0
off016_trig120_amt25_cap80,16,120.0,25.0,80.0
off016_trig120_amt25_cap160,16,120.0,25.0,160.0
off016_trig120_amt25_cap240,16,120.0,25.0,240.0
off016_trig120_amt35_cap80,16,120.0,35.0,80.0
off016_trig120_amt35_cap160,16,120.0,35.0,160.0
off016_trig120_amt35_cap240,16,120.0,35.0,240.0
off016_trig150_amt15_cap80,16,150.0,15.0,80.0
off016_trig150_amt15_cap160,16,150.0,15.0,160.0
off016_trig150_amt15_cap240,16,150.0,15.0,240.0
off016_trig150_amt25_cap80,16,150.0,25.0,80.0
off016_trig150_amt25_cap160,16,150.0,25.0,160.0
off016_trig150_amt25_cap240,16,150.0,25.0,240.0
off016_trig150_amt35_cap80,16,150.0,35.0,80.0
off016_trig150_amt35_cap160,16,150.0,35.0,160.0
off016_trig150_amt35_cap240,16,150.0,35.0,240.0
off024_trig9999_amt0_cap0,24,9999.0,0.0,0.0
off024_trig30_amt15_cap80,24,30.0,15.0,80.0
off024_trig30_amt15_cap160,24,30.0,15.0,160.0
off024_trig30_amt15_cap240,24,30.0,15.0,240.0
off024_trig30_amt25_cap80,24,30.0,25.0,80.0
off024_trig30_amt25_cap160,24,30.0,25.0,160.0
off024_trig30_amt25_cap240,24,30.0,25.0,240.0
off024_trig30_amt35_cap80,24,30.0,35.0,80.0
off024_trig30_amt35_cap160,24,30.0,35.0,160.0
off024_trig30_amt35_cap240,24,30.0,35.0,240.0
off024_trig60_amt15_cap80,24,60.0,15.0,80.0
off024_trig60_amt15_cap160,24,60.0,15.0,160.0
off024_trig60_amt15_cap240,24,60.0,15.0,240.0
off024_trig60_amt25_cap80,24,60.0,25.0,80.0
off024_trig60_amt25_cap160,24,60.0,25.0,160.0
off024_trig60_amt25_cap240,24,60.0,25.0,240.0
off024_trig60_amt35_cap80,24,60.0,35.0,80.0
off024_trig60_amt35_cap160,24,60.0,35.0,160.0
off024_trig60_amt35_cap240,24,60.0,35.0,240.0
off024_trig90_amt15_cap80,24,90.0,15.0,80.0
off024_trig90_amt15_cap160,24,90.0,15.0,160.0
off024_trig90_amt15_cap240,24,90.0,15.0,240.0
off024_trig90_amt25_cap80,24,90.0,25.0,80.0
off024_trig90_amt25_cap160,24,90.0,25.0,160.0
off024_trig90_amt25_cap240,24,90.0,25.0,240.0
off024_trig90_amt35_cap80,24,90.0,35.0,80.0
off024_trig90_amt35_cap160,24,90.0,35.0,160.0
off024_trig90_amt35_cap240,24,90.0,35.0,240.0
off024_trig120_amt15_cap80,24,120.0,15.0,80.0
off024_trig120_amt15_cap160,24,120.0,15.0,160.0
off024_trig120_amt15_cap240,24,120.0,15.0,240.0
off024_trig120_amt25_cap80,24,120.0,25.0,80.0
off024_trig120_amt25_cap160,24,120.0,25.0,160.0
off024_trig120_amt25_cap240,24,120.0,25.0,240.0
off024_trig120_amt35_cap80,24,120.0,35.0,80.0
off024_trig120_amt35_cap160,24,120.0,35.0,160.0
off024_trig120_amt35_cap240,24,120.0,35.0,240.0
off024_trig150_amt15_cap80,24,150.0,15.0,80.0
off024_trig150_amt15_cap160,24,150.0,15.0,160.0
off024_trig150_amt15_cap240,24,150.0,15.0,240.0
off024_trig150_amt25_cap80,24,150.0,25.0,80.0
off024_trig150_amt25_cap160,24,150.0,25.0,160.0
off024_trig150_amt25_cap240,24,150.0,25.0,240.0
off024_trig150_amt35_cap80,24,150.0,35.0,80.0
off024_trig150_amt35_cap160,24,150.0,35.0,160.0
off024_trig150_amt35_cap240,24,150.0,35.0,240.0
off032_trig9999_amt0_cap0,32,9999.0,0.0,0.0
off032_trig30_amt15_cap80,32,30.0,15.0,80.0
off032_trig30_amt15_cap160,32,30.0,15.0,160.0
off032_trig30_amt15_cap240,32,30.0,15.0,240.0
off032_trig30_amt25_cap80,32,30.0,25.0,80.0
off032_trig30_amt25_cap160,32,30.0,25.0,160.0
off032_trig30_amt25_cap240,32,30.0,25.0,240.0
off032_trig30_amt35_cap80,32,30.0,35.0,80.0
off032_trig30_amt35_cap160,32,30.0,35.0,160.0
off032_trig30_amt35_cap240,32,30.0,35.0,240.0
off032_trig60_amt15_cap80,32,60.0,15.0,80.0
off032_trig60_amt15_cap160,32,60.0,15.0,160.0
off032_trig60_amt15_cap240,32,60.0,15.0,240.0
off032_trig60_amt25_cap80,32,60.0,25.0,80.0
off032_trig60_amt25_cap160,32,60.0,25.0,160.0
off032_trig60_amt25_cap240,32,60.0,25.0,240.0
off032_trig60_amt35_cap80,32,60.0,35.0,80.0
off032_trig60_amt35_cap160,32,60.0,35.0,160.0
off032_trig60_amt35_cap240,32,60.0,35.0,240.0
off032_trig90_amt15_cap80,32,90.0,15.0,80.0
off032_trig90_amt15_cap160,32,90.0,15.0,160.0
off032_trig90_amt15_cap240,32,90.0,15.0,240.0
off032_trig90_amt25_cap80,32,90.0,25.0,80.0
off032_trig90_amt25_cap160,32,90.0,25.0,160.0
off032_trig90_amt25_cap240,32,90.0,25.0,240.0
off032_trig90_amt35_cap80,32,90.0,35.0,80.0
off032_trig90_amt35_cap160,32,90.0,35.0,160.0
off032_trig90_amt35_cap240,32,90.0,35.0,240.0
off032_trig120_amt15_cap80,32,120.0,15.0,80.0
off032_trig120_amt15_cap160,32,120.0,15.0,160.0
off032_trig120_amt15_cap240,32,120.0,15.0,240.0
off032_trig120_amt25_cap80,32,120.0,25.0,80.0
off032_trig120_amt25_cap160,32,120.0,25.0,160.0
off032_trig120_amt25_cap240,32,120.0,25.0,240.0
off032_trig120_amt35_cap80,32,120.0,35.0,80.0
off032_trig120_amt35_cap160,32,120.0,35.0,160.0
off032_trig120_amt35_cap240,32,120.0,35.0,240.0
off032_trig150_amt15_cap80,32,150.0,15.0,80.0
off032_trig150_amt15_cap160,32,150.0,15.0,160.0
off032_trig150_amt15_cap240,32,150.0,15.0,240.0
off032_trig150_amt25_cap80,32,150.0,25.0,80.0
off032_trig150_amt25_cap160,32,150.0,25.0,160.0
off032_trig150_amt25_cap240,32,150.0,25.0,240.0
off032_trig150_amt35_cap80,32,150.0,35.0,80.0
off032_trig150_amt35_cap160,32,150.0,35.0,160.0
off032_trig150_amt35_cap240,32,150.0,35.0,240.0
off040_trig9999_amt0_cap0,40,9999.0,0.0,0.0
off040_trig30_amt15_cap80,40,30.0,15.0,80.0
off040_trig30_amt15_cap160,40,30.0,15.0,160.0
off040_trig30_amt15_cap240,40,30.0,15.0,240.0
off040_trig30_amt25_cap80,40,30.0,25.0,80.0
off040_trig30_amt25_cap160,40,30.0,25.0,160.0
off040_trig30_amt25_cap240,40,30.0,25.0,240.0
off040_trig30_amt35_cap80,40,30.0,35.0,80.0
off040_trig30_amt35_cap160,40,30.0,35.0,160.0
off040_trig30_amt35_cap240,40,30.0,35.0,240.0
off040_trig60_amt15_cap80,40,60.0,15.0,80.0
off040_trig60_amt15_cap160,40,60.0,15.0,160.0
off040_trig60_amt15_cap240,40,60.0,15.0,240.0
off040_trig60_amt25_cap80,40,60.0,25.0,80.0
off040_trig60_amt25_cap160,40,60.0,25.0,160.0
off040_trig60_amt25_cap240,40,60.0,25.0,240.0
off040_trig60_amt35_cap80,40,60.0,35.0,80.0
off040_trig60_amt35_cap160,40,60.0,35.0,160.0
off040_trig60_amt35_cap240,40,60.0,35.0,240.0
off040_trig90_amt15_cap80,40,90.0,15.0,80.0
off040_trig90_amt15_cap160,40,90.0,15.0,160.0
off040_trig90_amt15_cap240,40,90.0,15.0,240.0
off040_trig90_amt25_cap80,40,90.0,25.0,80.0
off040_trig90_amt25_cap160,40,90.0,25.0,160.0
off040_trig90_amt25_cap240,40,90.0,25.0,240.0
off040_trig90_amt35_cap80,40,90.0,35.0,80.0
off040_trig90_amt35_cap160,40,90.0,35.0,160.0
off040_trig90_amt35_cap240,40,90.0,35.0,240.0
off040_trig120_amt15_cap80,40,120.0,15.0,80.0
off040_trig120_amt15_cap160,40,120.0,15.0,160.0
off040_trig120_amt15_cap240,40,120.0,15.0,240.0
off040_trig120_amt25_cap80,40,120.0,25.0,80.0
off040_trig120_amt25_cap160,40,120.0,25.0,160.0
off040_trig120_amt25_cap240,40,120.0,25.0,240.0
off040_trig120_amt35_cap80,40,120.0,35.0,80.0
off040_trig120_amt35_cap160,40,120.0,35.0,160.0
off040_trig120_amt35_cap240,40,120.0,35.0,240.0
off040_trig150_amt15_cap80,40,150.0,15.0,80.0
off040_trig150_amt15_cap160,40,150.0,15.0,160.0
off040_trig150_amt15_cap240,40,150.0,15.0,240.0
off040_trig150_amt25_cap80,40,150.0,25.0,80.0
off040_trig150_amt25_cap160,40,150.0,25.0,160.0
off040_trig150_amt25_cap240,40,150.0,25.0,240.0
off040_trig150_amt35_cap80,40,150.0,35.0,80.0
off040_trig150_amt35_cap160,40,150.0,35.0,160.0
off040_trig150_amt35_cap240,40,150.0,35.0,240.0
off048_trig9999_amt0_cap0,48,9999.0,0.0,0.0
off048_trig30_amt15_cap80,48,30.0,15.0,80.0
off048_trig30_amt15_cap160,48,30.0,15.0,160.0
off048_trig30_amt15_cap240,48,30.0,15.0,240.0
off048_trig30_amt25_cap80,48,30.0,25.0,80.0
off048_trig30_amt25_cap160,48,30.0,25.0,160.0
off048_trig30_amt25_cap240,48,30.0,25.0,240.0
off048_trig30_amt35_cap80,48,30.0,35.0,80.0
off048_trig30_amt35_cap160,48,30.0,35.0,160.0
off048_trig30_amt35_cap240,48,30.0,35.0,240.0
off048_trig60_amt15_cap80,48,60.0,15.0,80.0
off048_trig60_amt15_cap160,48,60.0,15.0,160.0
off048_trig60_amt15_cap240,48,60.0,15.0,240.0
off048_trig60_amt25_cap80,48,60.0,25.0,80.0
off048_trig60_amt25_cap160,48,60.0,25.0,160.0
off048_trig60_amt25_cap240,48,60.0,25.0,240.0
off048_trig60_amt35_cap80,48,60.0,35.0,80.0
off048_trig60_amt35_cap160,48,60.0,35.0,160.0
off048_trig60_amt35_cap240,48,60.0,35.0,240.0
off048_trig90_amt15_cap80,48,90.0,15.0,80.0
off048_trig90_amt15_cap160,48,90.0,15.0,160.0
off048_trig90_amt15_cap240,48,90.0,15.0,240.0
off048_trig90_amt25_cap80,48,90.0,25.0,80.0
off048_trig90_amt25_cap160,48,90.0,25.0,160.0
off048_trig90_amt25_cap240,48,90.0,25.0,240.0
off048_trig90_amt35_cap80,48,90.0,35.0,80.0
off048_trig90_amt35_cap160,48,90.0,35.0,160.0
off048_trig90_amt35_cap240,48,90.0,35.0,240.0
off048_trig120_amt15_cap80,48,120.0,15.0,80.0
off048_trig120_amt15_cap160,48,120.0,15.0,160.0
off048_trig120_amt15_cap240,48,120.0,15.0,240.0
off048_trig120_amt25_cap80,48,120.0,25.0,80.0
off048_trig120_amt25_cap160,48,120.0,25.0,160.0
off048_trig120_amt25_cap240,48,120.0,25.0,240.0
off048_trig120_amt35_cap80,48,120.0,35.0,80.0
off048_trig120_amt35_cap160,48,120.0,35.0,160.0
off048_trig120_amt35_cap240,48,120.0,35.0,240.0
off048_trig150_amt15_cap80,48,150.0,15.0,80.0
off048_trig150_amt15_cap160,48,150.0,15.0,160.0
off048_trig150_amt15_cap240,48,150.0,15.0,240.0
off048_trig150_amt25_cap80,48,150.0,25.0,80.0
off048_trig150_amt25_cap160,48,150.0,25.0,160.0
off048_trig150_amt25_cap240,48,150.0,25.0,240.0
off048_trig150_amt35_cap80,48,150.0,35.0,80.0
off048_trig150_amt35_cap160,48,150.0,35.0,160.0
off048_trig150_amt35_cap240,48,150.0,35.0,240.0
off056_trig9999_amt0_cap0,56,9999.0,0.0,0.0
off056_trig30_amt15_cap80,56,30.0,15.0,80.0
off056_trig30_amt15_cap160,56,30.0,15.0,160.0
off056_trig30_amt15_cap240,56,30.0,15.0,240.0
off056_trig30_amt25_cap80,56,30.0,25.0,80.0
off056_trig30_amt25_cap160,56,30.0,25.0,160.0
off056_trig30_amt25_cap240,56,30.0,25.0,240.0
off056_trig30_amt35_cap80,56,30.0,35.0,80.0
off056_trig30_amt35_cap160,56,30.0,35.0,160.0
off056_trig30_amt35_cap240,56,30.0,35.0,240.0
off056_trig60_amt15_cap80,56,60.0,15.0,80.0
off056_trig60_amt15_cap160,56,60.0,15.0,160.0
off056_trig60_amt15_cap240,56,60.0,15.0,240.0
off056_trig60_amt25_cap80,56,60.0,25.0,80.0
off056_trig60_amt25_cap160,56,60.0,25.0,160.0
off056_trig60_amt25_cap240,56,60.0,25.0,240.0
off056_trig60_amt35_cap80,56,60.0,35.0,80.0
off056_trig60_amt35_cap160,56,60.0,35.0,160.0
off056_trig60_amt35_cap240,56,60.0,35.0,240.0
off056_trig90_amt15_cap80,56,90.0,15.0,80.0
off056_trig90_amt15_cap160,56,90.0,15.0,160.0
off056_trig90_amt15_cap240,56,90.0,15.0,240.0
off056_trig90_amt25_cap80,56,90.0,25.0,80.0
off056_trig90_amt25_cap160,56,90.0,25.0,160.0
off056_trig90_amt25_cap240,56,90.0,25.0,240.0
off056_trig90_amt35_cap80,56,90.0,35.0,80.0
off056_trig90_amt35_cap160,56,90.0,35.0,160.0
off056_trig90_amt35_cap240,56,90.0,35.0,240.0
off056_trig120_amt15_cap80,56,120.0,15.0,80.0
off056_trig120_amt15_cap160,56,120.0,15.0,160.0
off056_trig120_amt15_cap240,56,120.0,15.0,240.0
off056_trig120_amt25_cap80,56,120.0,25.0,80.0
off056_trig120_amt25_cap160,56,120.0,25.0,160.0
off056_trig120_amt25_cap240,56,120.0,25.0,240.0
off056_trig120_amt35_cap80,56,120.0,35.0,80.0
off056_trig120_amt35_cap160,56,120.0,35.0,160.0
off056_trig120_amt35_cap240,56,120.0,35.0,240.0
off056_trig150_amt15_cap80,56,150.0,15.0,80.0
off056_trig150_amt15_cap160,56,150.0,15.0,160.0
off056_trig150_amt15_cap240,56,150.0,15.0,240.0
off056_trig150_amt25_cap80,56,150.0,25.0,80.0
off056_trig150_amt25_cap160,56,150.0,25.0,160.0
off056_trig150_amt25_cap240,56,150.0,25.0,240.0
off056_trig150_amt35_cap80,56,150.0,35.0,80.0
off056_trig150_amt35_cap160,56,150.0,35.0,160.0
off056_trig150_amt35_cap240,56,150.0,35.0,240.0
off064_trig9999_amt0_cap0,64,9999.0,0.0,0.0
off064_trig30_amt15_cap80,64,30.0,15.0,80.0
off064_trig30_amt15_cap160,64,30.0,15.0,160.0
off064_trig30_amt15_cap240,64,30.0,15.0,240.0
off064_trig30_amt25_cap80,64,30.0,25.0,80.0
off064_trig30_amt25_cap160,64,30.0,25.0,160.0
off064_trig30_amt25_cap240,64,30.0,25.0,240.0
off064_trig30_amt35_cap80,64,30.0,35.0,80.0
off064_trig30_amt35_cap160,64,30.0,35.0,160.0
off064_trig30_amt35_cap240,64,30.0,35.0,240.0
off064_trig60_amt15_cap80,64,60.0,15.0,80.0
off064_trig60_amt15_cap160,64,60.0,15.0,160.0
off064_trig60_amt15_cap240,64,60.0,15.0,240.0
off064_trig60_amt25_cap80,64,60.0,25.0,80.0
off064_trig60_amt25_cap160,64,60.0,25.0,160.0
off064_trig60_amt25_cap240,64,60.0,25.0,240.0
off064_trig60_amt35_cap80,64,60.0,35.0,80.0
off064_trig60_amt35_cap160,64,60.0,35.0,160.0
off064_trig60_amt35_cap240,64,60.0,35.0,240.0
off064_trig90_amt15_cap80,64,90.0,15.0,80.0
off064_trig90_amt15_cap160,64,90.0,15.0,160.0
off064_trig90_amt15_cap240,64,90.0,15.0,240.0
off064_trig90_amt25_cap80,64,90.0,25.0,80.0
off064_trig90_amt25_cap160,64,90.0,25.0,160.0
off064_trig90_amt25_cap240,64,90.0,25.0,240.0
off064_trig90_amt35_cap80,64,90.0,35.0,80.0
off064_trig90_amt35_cap160,64,90.0,35.0,160.0
off064_trig90_amt35_cap240,64,90.0,35.0,240.0
off064_trig120_amt15_cap80,64,120.0,15.0,80.0
off064_trig120_amt15_cap160,64,120.0,15.0,160.0
off064_trig120_amt15_cap240,64,120.0,15.0,240.0
off064_trig120_amt25_cap80,64,120.0,25.0,80.0
off064_trig120_amt25_cap160,64,120.0,25.0,160.0
off064_trig120_amt25_cap240,64,120.0,25.0,240.0
off064_trig120_amt35_cap80,64,120.0,35.0,80.0
off064_trig120_amt35_cap160,64,120.0,35.0,160.0
off064_trig120_amt35_cap240,64,120.0,35.0,240.0
off064_trig150_amt15_cap80,64,150.0,15.0,80.0
off064_trig150_amt15_cap160,64,150.0,15.0,160.0
off064_trig150_amt15_cap240,64,150.0,15.0,240.0
off064_trig150_amt25_cap80,64,150.0,25.0,80.0
off064_trig150_amt25_cap160,64,150.0,25.0,160.0
off064_trig150_amt25_cap240,64,150.0,25.0,240.0
off064_trig150_amt35_cap80,64,150.0,35.0,80.0
off064_trig150_amt35_cap160,64,150.0,35.0,160.0
off064_trig150_amt35_cap240,64,150.0,35.0,240.0
off072_trig9999_amt0_cap0,72,9999.0,0.0,0.0
off072_trig30_amt15_cap80,72,30.0,15.0,80.0
off072_trig30_amt15_cap160,72,30.0,15.0,160.0
off072_trig30_amt15_cap240,72,30.0,15.0,240.0
off072_trig30_amt25_cap80,72,30.0,25.0,80.0
off072_trig30_amt25_cap160,72,30.0,25.0,160.0
off072_trig30_amt25_cap240,72,30.0,25.0,240.0
off072_trig30_amt35_cap80,72,30.0,35.0,80.0
off072_trig30_amt35_cap160,72,30.0,35.0,160.0
off072_trig30_amt35_cap240,72,30.0,35.0,240.0
off072_trig60_amt15_cap80,72,60.0,15.0,80.0
off072_trig60_amt15_cap160,72,60.0,15.0,160.0
off072_trig60_amt15_cap240,72,60.0,15.0,240.0
off072_trig60_amt25_cap80,72,60.0,25.0,80.0
off072_trig60_amt25_cap160,72,60.0,25.0,160.0
off072_trig60_amt25_cap240,72,60.0,25.0,240.0
off072_trig60_amt35_cap80,72,60.0,35.0,80.0
off072_trig60_amt35_cap160,72,60.0,35.0,160.0
off072_trig60_amt35_cap240,72,60.0,35.0,240.0
off072_trig90_amt15_cap80,72,90.0,15.0,80.0
off072_trig90_amt15_cap160,72,90.0,15.0,160.0
off072_trig90_amt15_cap240,72,90.0,15.0,240.0
off072_trig90_amt25_cap80,72,90.0,25.0,80.0
off072_trig90_amt25_cap160,72,90.0,25.0,160.0
off072_trig90_amt25_cap240,72,90.0,25.0,240.0
off072_trig90_amt35_cap80,72,90.0,35.0,80.0
off072_trig90_amt35_cap160,72,90.0,35.0,160.0
off072_trig90_amt35_cap240,72,90.0,35.0,240.0
off072_trig120_amt15_cap80,72,120.0,15.0,80.0
off072_trig120_amt15_cap160,72,120.0,15.0,160.0
off072_trig120_amt15_cap240,72,120.0,15.0,240.0
off072_trig120_amt25_cap80,72,120.0,25.0,80.0
off072_trig120_amt25_cap160,72,120.0,25.0,160.0
off072_trig120_amt25_cap240,72,120.0,25.0,240.0
off072_trig120_amt35_cap80,72,120.0,35.0,80.0
off072_trig120_amt35_cap160,72,120.0,35.0,160.0
off072_trig120_amt35_cap240,72,120.0,35.0,240.0
off072_trig150_amt15_cap80,72,150.0,15.0,80.0
off072_trig150_amt15_cap160,72,150.0,15.0,160.0
off072_trig150_amt15_cap240,72,150.0,15.0,240.0
off072_trig150_amt25_cap80,72,150.0,25.0,80.0
off072_trig150_amt25_cap160,72,150.0,25.0,160.0
off072_trig150_amt25_cap240,72,150.0,25.0,240.0
off072_trig150_amt35_cap80,72,150.0,35.0,80.0
off072_trig150_amt35_cap160,72,150.0,35.0,160.0
off072_trig150_amt35_cap240,72,150.0,35.0,240.0
off080_trig9999_amt0_cap0,80,9999.0,0.0,0.0
off080_trig30_amt15_cap80,80,30.0,15.0,80.0
off080_trig30_amt15_cap160,80,30.0,15.0,160.0
off080_trig30_amt15_cap240,80,30.0,15.0,240.0
off080_trig30_amt25_cap80,80,30.0,25.0,80.0
off080_trig30_amt25_cap160,80,30.0,25.0,160.0
off080_trig30_amt25_cap240,80,30.0,25.0,240.0
off080_trig30_amt35_cap80,80,30.0,35.0,80.0
off080_trig30_amt35_cap160,80,30.0,35.0,160.0
off080_trig30_amt35_cap240,80,30.0,35.0,240.0
off080_trig60_amt15_cap80,80,60.0,15.0,80.0
off080_trig60_amt15_cap160,80,60.0,15.0,160.0
off080_trig60_amt15_cap240,80,60.0,15.0,240.0
off080_trig60_amt25_cap80,80,60.0,25.0,80.0
off080_trig60_amt25_cap160,80,60.0,25.0,160.0
off080_trig60_amt25_cap240,80,60.0,25.0,240.0
off080_trig60_amt35_cap80,80,60.0,35.0,80.0
off080_trig60_amt35_cap160,80,60.0,35.0,160.0
off080_trig60_amt35_cap240,80,60.0,35.0,240.0
off080_trig90_amt15_cap80,80,90.0,15.0,80.0
off080_trig90_amt15_cap160,80,90.0,15.0,160.0
off080_trig90_amt15_cap240,80,90.0,15.0,240.0
off080_trig90_amt25_cap80,80,90.0,25.0,80.0
off080_trig90_amt25_cap160,80,90.0,25.0,160.0
off080_trig90_amt25_cap240,80,90.0,25.0,240.0
off080_trig90_amt35_cap80,80,90.0,35.0,80.0
off080_trig90_amt35_cap160,80,90.0,35.0,160.0
off080_trig90_amt35_cap240,80,90.0,35.0,240.0
off080_trig120_amt15_cap80,80,120.0,15.0,80.0
off080_trig120_amt15_cap160,80,120.0,15.0,160.0
off080_trig120_amt15_cap240,80,120.0,15.0,240.0
off080_trig120_amt25_cap80,80,120.0,25.0,80.0
off080_trig120_amt25_cap160,80,120.0,25.0,160.0
off080_trig120_amt25_cap240,80,120.0,25.0,240.0
off080_trig120_amt35_cap80,80,120.0,35.0,80.0
off080_trig120_amt35_cap160,80,120.0,35.0,160.0
off080_trig120_amt35_cap240,80,120.0,35.0,240.0
off080_trig150_amt15_cap80,80,150.0,15.0,80.0
off080_trig150_amt15_cap160,80,150.0,15.0,160.0
off080_trig150_amt15_cap240,80,150.0,15.0,240.0
off080_trig150_amt25_cap80,80,150.0,25.0,80.0
off080_trig150_amt25_cap160,80,150.0,25.0,160.0
off080_trig150_amt25_cap240,80,150.0,25.0,240.0
off080_trig150_amt35_cap80,80,150.0,35.0,80.0
off080_trig150_amt35_cap160,80,150.0,35.0,160.0
off080_trig150_amt35_cap240,80,150.0,35.0,240.0
off088_trig9999_amt0_cap0,88,9999.0,0.0,0.0
off088_trig30_amt15_cap80,88,30.0,15.0,80.0
off088_trig30_amt15_cap160,88,30.0,15.0,160.0
off088_trig30_amt15_cap240,88,30.0,15.0,240.0
off088_trig30_amt25_cap80,88,30.0,25.0,80.0
off088_trig30_amt25_cap160,88,30.0,25.0,160.0
off088_trig30_amt25_cap240,88,30.0,25.0,240.0
off088_trig30_amt35_cap80,88,30.0,35.0,80.0
off088_trig30_amt35_cap160,88,30.0,35.0,160.0
off088_trig30_amt35_cap240,88,30.0,35.0,240.0
off088_trig60_amt15_cap80,88,60.0,15.0,80.0
off088_trig60_amt15_cap160,88,60.0,15.0,160.0
off088_trig60_amt15_cap240,88,60.0,15.0,240.0
off088_trig60_amt25_cap80,88,60.0,25.0,80.0
off088_trig60_amt25_cap160,88,60.0,25.0,160.0
off088_trig60_amt25_cap240,88,60.0,25.0,240.0
off088_trig60_amt35_cap80,88,60.0,35.0,80.0
off088_trig60_amt35_cap160,88,60.0,35.0,160.0
off088_trig60_amt35_cap240,88,60.0,35.0,240.0
off088_trig90_amt15_cap80,88,90.0,15.0,80.0
off088_trig90_amt15_cap160,88,90.0,15.0,160.0
off088_trig90_amt15_cap240,88,90.0,15.0,240.0
off088_trig90_amt25_cap80,88,90.0,25.0,80.0
off088_trig90_amt25_cap160,88,90.0,25.0,160.0
off088_trig90_amt25_cap240,88,90.0,25.0,240.0
off088_trig90_amt35_cap80,88,90.0,35.0,80.0
off088_trig90_amt35_cap160,88,90.0,35.0,160.0
off088_trig90_amt35_cap240,88,90.0,35.0,240.0
off088_trig120_amt15_cap80,88,120.0,15.0,80.0
off088_trig120_amt15_cap160,88,120.0,15.0,160.0
off088_trig120_amt15_cap240,88,120.0,15.0,240.0
off088_trig120_amt25_cap80,88,120.0,25.0,80.0
off088_trig120_amt25_cap160,88,120.0,25.0,160.0
off088_trig120_amt25_cap240,88,120.0,25.0,240.0
off088_trig120_amt35_cap80,88,120.0,35.0,80.0
off088_trig120_amt35_cap160,88,120.0,35.0,160.0
off088_trig120_amt35_cap240,88,120.0,35.0,240.0
off088_trig150_amt15_cap80,88,150.0,15.0,80.0
off088_trig150_amt15_cap160,88,150.0,15.0,160.0
off088_trig150_amt15_cap240,88,150.0,15.0,240.0
off088_trig150_amt25_cap80,88,150.0,25.0,80.0
off088_trig150_amt25_cap160,88,150.0,25.0,160.0
off088_trig150_amt25_cap240,88,150.0,25.0,240.0
off088_trig150_amt35_cap80,88,150.0,35.0,80.0
off088_trig150_amt35_cap160,88,150.0,35.0,160.0
off088_trig150_amt35_cap240,88,150.0,35.0,240.0
off096_trig9999_amt0_cap0,96,9999.0,0.0,0.0
off096_trig30_amt15_cap80,96,30.0,15.0,80.0
off096_trig30_amt15_cap160,96,30.0,15.0,160.0
off096_trig30_amt15_cap240,96,30.0,15.0,240.0
off096_trig30_amt25_cap80,96,30.0,25.0,80.0
off096_trig30_amt25_cap160,96,30.0,25.0,160.0
off096_trig30_amt25_cap240,96,30.0,25.0,240.0
off096_trig30_amt35_cap80,96,30.0,35.0,80.0
off096_trig30_amt35_cap160,96,30.0,35.0,160.0
off096_trig30_amt35_cap240,96,30.0,35.0,240.0
off096_trig60_amt15_cap80,96,60.0,15.0,80.0
off096_trig60_amt15_cap160,96,60.0,15.0,160.0
off096_trig60_amt15_cap240,96,60.0,15.0,240.0
off096_trig60_amt25_cap80,96,60.0,25.0,80.0
off096_trig60_amt25_cap160,96,60.0,25.0,160.0
off096_trig60_amt25_cap240,96,60.0,25.0,240.0
off096_trig60_amt35_cap80,96,60.0,35.0,80.0
off096_trig60_amt35_cap160,96,60.0,35.0,160.0
off096_trig60_amt35_cap240,96,60.0,35.0,240.0
off096_trig90_amt15_cap80,96,90.0,15.0,80.0
off096_trig90_amt15_cap160,96,90.0,15.0,160.0
off096_trig90_amt15_cap240,96,90.0,15.0,240.0
off096_trig90_amt25_cap80,96,90.0,25.0,80.0
off096_trig90_amt25_cap160,96,90.0,25.0,160.0
off096_trig90_amt25_cap240,96,90.0,25.0,240.0
off096_trig90_amt35_cap80,96,90.0,35.0,80.0
off096_trig90_amt35_cap160,96,90.0,35.0,160.0
off096_trig90_amt35_cap240,96,90.0,35.0,240.0
off096_trig120_amt15_cap80,96,120.0,15.0,80.0
off096_trig120_amt15_cap160,96,120.0,15.0,160.0
off096_trig120_amt15_cap240,96,120.0,15.0,240.0
off096_trig120_amt25_cap80,96,120.0,25.0,80.0
off096_trig120_amt25_cap160,96,120.0,25.0,160.0
off096_trig120_amt25_cap240,96,120.0,25.0,240.0
off096_trig120_amt35_cap80,96,120.0,35.0,80.0
off096_trig120_amt35_cap160,96,120.0,35.0,160.0
off096_trig120_amt35_cap240,96,120.0,35.0,240.0
off096_trig150_amt15_cap80,96,150.0,15.0,80.0
off096_trig150_amt15_cap160,96,150.0,15.0,160.0
off096_trig150_amt15_cap240,96,150.0,15.0,240.0
off096_trig150_amt25_cap80,96,150.0,25.0,80.0
off096_trig150_amt25_cap160,96,150.0,25.0,160.0
off096_trig150_amt25_cap240,96,150.0,25.0,240.0
off096_trig150_amt35_cap80,96,150.0,35.0,80.0
off096_trig150_amt35_cap160,96,150.0,35.0,160.0
off096_trig150_amt35_cap240,96,150.0,35.0,240.0
rainfed_oct15,30,9999.0,0.0,0.0
irrigated_sep25_45_18_120,10,45.0,18.0,120.0
irrigated_oct15_45_18_120,30,45.0,18.0,120.0
irrigated_nov10_45_18_120,56,45.0,18.0,120.0
