block,year,observed_yield_kg_ha,has_observed_yield
development_train,2006,3000.0,True
development_train,2007,3300.0,True
development_train,2008,3126.0,True
development_train,2009,2578.0,True
development_train,2010,3245.0,True
development_train,2011,3496.0,True
development_train,2012,3546.0,True
development_train,2013,3690.0,True
development_train,2014,3542.0,True
development_train,2015,3727.0,True
development_train,2016,3381.0,True
development_validation,2017,4000.0,True
development_validation,2018,3750.0,True
development_validation,2019,3700.0,True
development_validation,2020,4050.0,True
frozen_evaluation,2021,3700.0,True
frozen_evaluation,2022,3923.0,True
frozen_evaluation,2023,4154.0,True
frozen_evaluation,2024,3827.0,True
illustration,2025,,False
