split,year,policy,yield_kg_ha,irrigation_mm,reward,seed,ppo_yield_kg_ha,ppo_irrigation_mm,ppo_reward,delta_yield_kg_ha,delta_irrigation_mm,delta_reward
test,2022,rainfed_calendar_oct15,3901.561398023135,0.0,0.9289431900055084,42,3904.6158435756097,0.0,0.9296704389465738,3.05444555247459,0.0,0.0007272489410653504
test,2022,fixed_calendar_oct15_moderate_irrig,3901.561398023135,0.0,0.9289431900055084,42,3904.6158435756097,0.0,0.9296704389465738,3.05444555247459,0.0,0.0007272489410653504
test,2022,early_sep25_moderate_irrig,3904.564620575443,0.0,0.9296582429941532,42,3904.6158435756097,0.0,0.9296704389465738,0.05122300016682857,0.0,1.2195952420523959e-05
test,2022,late_nov10_moderate_irrig,3900.0683500259033,0.0,0.92858770238712,42,3904.6158435756097,0.0,0.9296704389465738,4.54749354970636,0.0,0.0010827365594537897
test,2023,rainfed_calendar_oct15,3932.6130691300814,0.0,0.9363364450309718,42,3943.605506995247,0.0,0.9389536921417254,10.992437865165812,0.0,0.0026172471107536177
test,2023,fixed_calendar_oct15_moderate_irrig,3907.5939853685554,72.0,0.8223795203258465,42,3943.605506995247,0.0,0.9389536921417254,36.011521626691774,-72.0,0.11657417181587892
test,2023,early_sep25_moderate_irrig,3926.662266959352,54.0,0.8539195873712744,42,3943.605506995247,0.0,0.9389536921417254,16.943240035895087,-54.0,0.08503410477045104
test,2023,late_nov10_moderate_irrig,3903.424418388428,90.0,0.7943867662829589,42,3943.605506995247,0.0,0.9389536921417254,40.18108860681923,-90.0,0.14456692585876652
test,2024,rainfed_calendar_oct15,3935.982709653766,0.0,0.9371387403937538,42,3937.464475989698,0.0,0.9374915419023092,1.481766335931752,0.0,0.0003528015085554337
test,2024,fixed_calendar_oct15_moderate_irrig,3899.0724763850353,54.0,0.8473505896154846,42,3937.464475989698,0.0,0.9374915419023092,38.39199960466249,-54.0,0.09014095228682462
test,2024,early_sep25_moderate_irrig,3923.659128804088,18.0,0.907204554477164,42,3937.464475989698,0.0,0.9374915419023092,13.805347185609662,-18.0,0.03028698742514524
test,2024,late_nov10_moderate_irrig,3892.819492295927,90.0,0.7918617838799826,42,3937.464475989698,0.0,0.9374915419023092,44.64498369377088,-90.0,0.14562975802232658
test,2025,rainfed_calendar_oct15,4012.873406747039,0.0,0.9554460492254854,42,4017.285426332509,0.0,0.9564965300791688,4.412019585469807,0.0,0.001050480853683422
test,2025,fixed_calendar_oct15_moderate_irrig,4012.873406747039,0.0,0.9554460492254854,42,4017.285426332509,0.0,0.9564965300791688,4.412019585469807,0.0,0.001050480853683422
test,2025,early_sep25_moderate_irrig,4017.276935330014,0.0,0.956494508411908,42,4017.285426332509,0.0,0.9564965300791688,0.008491002494793065,0.0,2.0216672608208697e-06
test,2025,late_nov10_moderate_irrig,4015.6710816051504,0.0,0.9561121622869406,42,4017.285426332509,0.0,0.9564965300791688,1.614344727358457,0.0,0.0003843677922281685
valid,2018,rainfed_calendar_oct15,3761.0307360990455,0.0,0.8954835085950108,42,3763.589209798625,0.0,0.8960926689996725,2.558473699579281,0.0,0.000609160404661746
valid,2018,fixed_calendar_oct15_moderate_irrig,3747.91104147763,36.0,0.8383597717803881,42,3763.589209798625,0.0,0.8960926689996725,15.6781683209947,-36.0,0.05773289721928443
valid,2018,early_sep25_moderate_irrig,3757.0496486751954,18.0,0.8675356306369513,42,3763.589209798625,0.0,0.8960926689996725,6.539561123429394,-18.0,0.028557038362721276
valid,2018,late_nov10_moderate_irrig,3764.779896002884,18.0,0.8693761657149722,42,3763.589209798625,0.0,0.8960926689996725,-1.1906862042592365,-18.0,0.02671650328470032
valid,2019,rainfed_calendar_oct15,3770.872148488374,0.0,0.8978267020210414,42,3773.909149957357,0.0,0.8985497976088944,3.0370014689829077,0.0,0.0007230955878529954
valid,2019,fixed_calendar_oct15_moderate_irrig,3748.709098832031,72.0,0.7845497854361979,42,3773.909149957357,0.0,0.8985497976088944,25.2000511253259,-72.0,0.11400001217269651
valid,2019,early_sep25_moderate_irrig,3767.999092138855,18.0,0.8701426409854416,42,3773.909149957357,0.0,0.8985497976088944,5.910057818502082,-18.0,0.028407156623452834
valid,2019,late_nov10_moderate_irrig,3742.686931008248,90.0,0.7561159359543447,42,3773.909149957357,0.0,0.8985497976088944,31.222218949108992,-90.0,0.14243386165454974
valid,2020,rainfed_calendar_oct15,3829.4274048148186,0.0,0.911768429717814,42,3830.705922110553,0.0,0.9120728385977508,1.2785172957342184,0.0,0.00030440887993676835
valid,2020,fixed_calendar_oct15_moderate_irrig,3829.4274048148186,0.0,0.911768429717814,42,3830.705922110553,0.0,0.9120728385977508,1.2785172957342184,0.0,0.00030440887993676835
valid,2020,early_sep25_moderate_irrig,3828.919014963576,0.0,0.911647384515137,42,3830.705922110553,0.0,0.9120728385977508,1.7869071469767732,0.0,0.00042545408261374096
valid,2020,late_nov10_moderate_irrig,3828.8976000168464,0.0,0.9116422857182968,42,3830.705922110553,0.0,0.9120728385977508,1.8083220937064652,0.0,0.0004305528794540381
valid,2021,rainfed_calendar_oct15,3861.896436753094,0.0,0.9194991516078797,42,3864.077627184957,0.0,0.9200184826630852,2.1811904318628876,0.0,0.0005193310552055186
valid,2021,fixed_calendar_oct15_moderate_irrig,3861.896436753094,0.0,0.9194991516078797,42,3864.077627184957,0.0,0.9200184826630852,2.1811904318628876,0.0,0.0005193310552055186
valid,2021,early_sep25_moderate_irrig,3863.649115078605,0.0,0.9199164559710964,42,3864.077627184957,0.0,0.9200184826630852,0.4285121063517181,0.0,0.0001020266919887769
valid,2021,late_nov10_moderate_irrig,3863.973055354512,0.0,0.9199935846082168,42,3864.077627184957,0.0,0.9200184826630852,0.10457183044491103,0.0,2.4898054868383035e-05
