source,split,year,policy,planting_date,recorded_window_end,recorded_irrigation_mm,inside_coded_window_sep15_dec20,inside_150d_no_may_window,inside_130d_no_may_window,end_100d,end_115d,end_130d,end_150d,end_150d_after_apr30
PPO,test,2022,PPO,2022-09-27,2023-02-24,0.0,True,True,True,2023-01-04,2023-01-19,2023-02-03,2023-02-23,False
PPO,test,2023,PPO,2023-09-29,2024-02-26,0.0,True,True,True,2024-01-06,2024-01-21,2024-02-05,2024-02-25,False
PPO,test,2024,PPO,2024-10-02,2025-03-01,0.0,True,True,True,2025-01-09,2025-01-24,2025-02-08,2025-02-28,False
PPO,test,2025,PPO,2025-09-27,2026-02-24,0.0,True,True,True,2026-01-04,2026-01-19,2026-02-03,2026-02-23,False
PPO,valid,2018,PPO,2018-09-29,2019-02-26,0.0,True,True,True,2019-01-06,2019-01-21,2019-02-05,2019-02-25,False
PPO,valid,2019,PPO,2019-10-02,2020-02-29,0.0,True,True,True,2020-01-09,2020-01-24,2020-02-08,2020-02-28,False
PPO,valid,2020,PPO,2020-09-30,2021-02-27,0.0,True,True,True,2021-01-07,2021-01-22,2021-02-06,2021-02-26,False
PPO,valid,2021,PPO,2021-09-27,2022-02-24,0.0,True,True,True,2022-01-04,2022-01-19,2022-02-03,2022-02-23,False
baseline,valid,2018,rainfed_calendar_oct15,2018-10-15,,0.0,True,True,True,2019-01-22,2019-02-06,2019-02-21,2019-03-13,False
baseline,valid,2018,fixed_calendar_oct15_moderate_irrig,2018-10-15,,36.0,True,True,True,2019-01-22,2019-02-06,2019-02-21,2019-03-13,False
baseline,valid,2018,early_sep25_moderate_irrig,2018-09-25,,18.0,True,True,True,2019-01-02,2019-01-17,2019-02-01,2019-02-21,False
baseline,valid,2018,late_nov10_moderate_irrig,2018-11-10,,18.0,True,True,True,2019-02-17,2019-03-04,2019-03-19,2019-04-08,False
baseline,valid,2019,rainfed_calendar_oct15,2019-10-15,,0.0,True,True,True,2020-01-22,2020-02-06,2020-02-21,2020-03-12,False
baseline,valid,2019,fixed_calendar_oct15_moderate_irrig,2019-10-15,,72.0,True,True,True,2020-01-22,2020-02-06,2020-02-21,2020-03-12,False
baseline,valid,2019,early_sep25_moderate_irrig,2019-09-25,,18.0,True,True,True,2020-01-02,2020-01-17,2020-02-01,2020-02-21,False
baseline,valid,2019,late_nov10_moderate_irrig,2019-11-10,,90.0,True,True,True,2020-02-17,2020-03-03,2020-03-18,2020-04-07,False
baseline,valid,2020,rainfed_calendar_oct15,2020-10-15,,0.0,True,True,True,2021-01-22,2021-02-06,2021-02-21,2021-03-13,False
baseline,valid,2020,fixed_calendar_oct15_moderate_irrig,2020-10-15,,0.0,True,True,True,2021-01-22,2021-02-06,2021-02-21,2021-03-13,False
baseline,valid,2020,early_sep25_moderate_irrig,2020-09-25,,0.0,True,True,True,2021-01-02,2021-01-17,2021-02-01,2021-02-21,False
baseline,valid,2020,late_nov10_moderate_irrig,2020-11-10,,0.0,True,True,True,2021-02-17,2021-03-04,2021-03-19,2021-04-08,False
baseline,valid,2021,rainfed_calendar_oct15,2021-10-15,,0.0,True,True,True,2022-01-22,2022-02-06,2022-02-21,2022-03-13,False
baseline,valid,2021,fixed_calendar_oct15_moderate_irrig,2021-10-15,,0.0,True,True,True,2022-01-22,2022-02-06,2022-02-21,2022-03-13,False
baseline,valid,2021,early_sep25_moderate_irrig,2021-09-25,,0.0,True,True,True,2022-01-02,2022-01-17,2022-02-01,2022-02-21,False
baseline,valid,2021,late_nov10_moderate_irrig,2021-11-10,,0.0,True,True,True,2022-02-17,2022-03-04,2022-03-19,2022-04-08,False
baseline,test,2022,rainfed_calendar_oct15,2022-10-15,,0.0,True,True,True,2023-01-22,2023-02-06,2023-02-21,2023-03-13,False
baseline,test,2022,fixed_calendar_oct15_moderate_irrig,2022-10-15,,0.0,True,True,True,2023-01-22,2023-02-06,2023-02-21,2023-03-13,False
baseline,test,2022,early_sep25_moderate_irrig,2022-09-25,,0.0,True,True,True,2023-01-02,2023-01-17,2023-02-01,2023-02-21,False
baseline,test,2022,late_nov10_moderate_irrig,2022-11-10,,0.0,True,True,True,2023-02-17,2023-03-04,2023-03-19,2023-04-08,False
baseline,test,2023,rainfed_calendar_oct15,2023-10-15,,0.0,True,True,True,2024-01-22,2024-02-06,2024-02-21,2024-03-12,False
baseline,test,2023,fixed_calendar_oct15_moderate_irrig,2023-10-15,,72.0,True,True,True,2024-01-22,2024-02-06,2024-02-21,2024-03-12,False
baseline,test,2023,early_sep25_moderate_irrig,2023-09-25,,54.0,True,True,True,2024-01-02,2024-01-17,2024-02-01,2024-02-21,False
baseline,test,2023,late_nov10_moderate_irrig,2023-11-10,,90.0,True,True,True,2024-02-17,2024-03-03,2024-03-18,2024-04-07,False
baseline,test,2024,rainfed_calendar_oct15,2024-10-15,,0.0,True,True,True,2025-01-22,2025-02-06,2025-02-21,2025-03-13,False
baseline,test,2024,fixed_calendar_oct15_moderate_irrig,2024-10-15,,54.0,True,True,True,2025-01-22,2025-02-06,2025-02-21,2025-03-13,False
baseline,test,2024,early_sep25_moderate_irrig,2024-09-25,,18.0,True,True,True,2025-01-02,2025-01-17,2025-02-01,2025-02-21,False
baseline,test,2024,late_nov10_moderate_irrig,2024-11-10,,90.0,True,True,True,2025-02-17,2025-03-04,2025-03-19,2025-04-08,False
baseline,test,2025,rainfed_calendar_oct15,2025-10-15,,0.0,True,True,True,2026-01-22,2026-02-06,2026-02-21,2026-03-13,False
baseline,test,2025,fixed_calendar_oct15_moderate_irrig,2025-10-15,,0.0,True,True,True,2026-01-22,2026-02-06,2026-02-21,2026-03-13,False
baseline,test,2025,early_sep25_moderate_irrig,2025-09-25,,0.0,True,True,True,2026-01-02,2026-01-17,2026-02-01,2026-02-21,False
baseline,test,2025,late_nov10_moderate_irrig,2025-11-10,,0.0,True,True,True,2026-02-17,2026-03-04,2026-03-19,2026-04-08,False
