season_year,sowing_year,harvest_year,sidra_same_sowing_year,yield_same_sowing_year_kg_ha,sidra_harvest_year,yield_harvest_year_kg_ha,has_boundary_issue
2006,2006,2007,2006,3000.0,2007,3300.0,False
2007,2007,2008,2007,3300.0,2008,3126.0,False
2008,2008,2009,2008,3126.0,2009,2578.0,False
2009,2009,2010,2009,2578.0,2010,3245.0,False
2010,2010,2011,2010,3245.0,2011,3496.0,False
2011,2011,2012,2011,3496.0,2012,3546.0,False
2012,2012,2013,2012,3546.0,2013,3690.0,False
2013,2013,2014,2013,3690.0,2014,3542.0,False
2014,2014,2015,2014,3542.0,2015,3727.0,False
2015,2015,2016,2015,3727.0,2016,3381.0,False
2016,2016,2017,2016,3381.0,2017,4000.0,False
2017,2017,2018,2017,4000.0,2018,3750.0,False
2018,2018,2019,2018,3750.0,2019,3700.0,False
2019,2019,2020,2019,3700.0,2020,4050.0,False
2020,2020,2021,2020,4050.0,2021,3700.0,False
2021,2021,2022,2021,3700.0,2022,3923.0,False
2022,2022,2023,2022,3923.0,2023,4154.0,False
2023,2023,2024,2023,4154.0,2024,3827.0,False
2024,2024,2025,2024,3827.0,2025,,True
2025,2025,2026,2025,,2026,,True
