strategy,split,season_year,rain_mm,invalid_rain_days,n_days,rain_daily_climatology_mm,delta_vs_daily_climatology_mm
daily_climatology,train,2006,758.7961538461539,5,242,758.7961538461539,0.0
monthly_climatology,train,2006,745.0445570113488,5,242,758.7961538461539,-13.751596834805014
short_gap_interpolation,train,2006,741.0,5,242,758.7961538461539,-17.796153846153857
zero_missing,train,2006,722.0000000000001,5,242,758.7961538461539,-36.79615384615374
daily_climatology,train,2007,380.94564102564107,6,243,380.94564102564107,0.0
monthly_climatology,train,2007,379.8712809168362,6,243,380.94564102564107,-1.0743601088048536
short_gap_interpolation,train,2007,371.2,6,243,380.94564102564107,-9.745641025641078
zero_missing,train,2007,358.0,6,243,380.94564102564107,-22.945641025641066
daily_climatology,train,2008,1004.1999999999999,0,242,1004.1999999999999,0.0
monthly_climatology,train,2008,1004.1999999999999,0,242,1004.1999999999999,0.0
short_gap_interpolation,train,2008,1004.1999999999999,0,242,1004.1999999999999,0.0
zero_missing,train,2008,1004.1999999999999,0,242,1004.1999999999999,0.0
daily_climatology,train,2009,919.4384615384615,2,242,919.4384615384615,0.0
monthly_climatology,train,2009,918.9093457943926,2,242,919.4384615384615,-0.5291157440689176
short_gap_interpolation,train,2009,922.8000000000001,2,242,919.4384615384615,3.3615384615385437
zero_missing,train,2009,908.4000000000001,2,242,919.4384615384615,-11.038461538461434
daily_climatology,train,2010,1270.8000000000002,0,242,1270.8000000000002,0.0
monthly_climatology,train,2010,1270.8000000000002,0,242,1270.8000000000002,0.0
short_gap_interpolation,train,2010,1270.8000000000002,0,242,1270.8000000000002,0.0
zero_missing,train,2010,1270.8000000000002,0,242,1270.8000000000002,0.0
daily_climatology,train,2011,1068.8,0,243,1068.8,0.0
monthly_climatology,train,2011,1068.8,0,243,1068.8,0.0
short_gap_interpolation,train,2011,1068.8,0,243,1068.8,0.0
zero_missing,train,2011,1068.8,0,243,1068.8,0.0
daily_climatology,train,2012,963.8042857142857,68,242,963.8042857142857,0.0
monthly_climatology,train,2012,952.0721044995121,68,242,963.8042857142857,-11.732181214773618
short_gap_interpolation,train,2012,864.8636252879942,68,242,963.8042857142857,-98.94066042629152
zero_missing,train,2012,661.0,68,242,963.8042857142857,-302.8042857142857
daily_climatology,train,2013,658.5725274725276,30,242,658.5725274725276,0.0
monthly_climatology,train,2013,657.3040572792363,30,242,658.5725274725276,-1.2684701932912503
short_gap_interpolation,train,2013,641.7,30,242,658.5725274725276,-16.87252747252751
zero_missing,train,2013,559.6,30,242,658.5725274725276,-98.97252747252753
daily_climatology,train,2014,832.3384615384616,120,242,832.3384615384616,0.0
monthly_climatology,train,2014,831.6602613956954,120,242,832.3384615384616,-0.6782001427661726
short_gap_interpolation,train,2014,792.1206697333969,120,242,832.3384615384616,-40.217791805064735
zero_missing,train,2014,385.8,120,242,832.3384615384616,-446.5384615384616
daily_climatology,train,2015,885.2242857142858,110,243,885.2242857142858,0.0
monthly_climatology,train,2015,880.7957425828939,110,243,885.2242857142858,-4.428543131391848
short_gap_interpolation,train,2015,947.7447785184754,110,243,885.2242857142858,62.520492804189644
zero_missing,train,2015,424.0,110,243,885.2242857142858,-461.22428571428577
daily_climatology,train,2016,1077.2997069597072,61,242,1077.2997069597072,0.0
monthly_climatology,train,2016,1079.8313982746226,61,242,1077.2997069597072,2.531691314915406
short_gap_interpolation,train,2016,1061.5167937438905,61,242,1077.2997069597072,-15.782913215816734
zero_missing,train,2016,824.6000000000001,61,242,1077.2997069597072,-252.6997069597071
daily_climatology,train,2017,1244.2,0,242,1244.2,0.0
monthly_climatology,train,2017,1244.2,0,242,1244.2,0.0
short_gap_interpolation,train,2017,1244.2,0,242,1244.2,0.0
zero_missing,train,2017,1244.2,0,242,1244.2,0.0
daily_climatology,valid,2018,1217.8,0,242,1217.8,0.0
monthly_climatology,valid,2018,1217.8,0,242,1217.8,0.0
short_gap_interpolation,valid,2018,1217.8,0,242,1217.8,0.0
zero_missing,valid,2018,1217.8,0,242,1217.8,0.0
daily_climatology,valid,2019,746.0,0,243,746.0,0.0
monthly_climatology,valid,2019,746.0,0,243,746.0,0.0
short_gap_interpolation,valid,2019,746.0,0,243,746.0,0.0
zero_missing,valid,2019,746.0,0,243,746.0,0.0
daily_climatology,valid,2020,891.0021978021978,95,242,891.0021978021978,0.0
monthly_climatology,valid,2020,896.2273129236735,95,242,891.0021978021978,5.22511512147571
short_gap_interpolation,valid,2020,882.1595460646382,95,242,891.0021978021978,-8.84265173755955
zero_missing,valid,2020,581.2,95,242,891.0021978021978,-309.8021978021977
daily_climatology,valid,2021,937.6953075845722,242,242,937.6953075845722,0.0
monthly_climatology,valid,2021,936.3808742850458,242,242,937.6953075845722,-1.3144332995263994
short_gap_interpolation,valid,2021,933.740613162186,242,242,937.6953075845722,-3.954694422386183
zero_missing,valid,2021,0.0,242,242,937.6953075845722,-937.6953075845722
daily_climatology,test,2022,937.6953075845722,242,242,937.6953075845722,0.0
monthly_climatology,test,2022,936.3808742850458,242,242,937.6953075845722,-1.3144332995263994
short_gap_interpolation,test,2022,933.740613162186,242,242,937.6953075845722,-3.954694422386183
zero_missing,test,2022,0.0,242,242,937.6953075845722,-937.6953075845722
daily_climatology,test,2023,1171.639010989011,20,243,1171.639010989011,0.0
monthly_climatology,test,2023,1169.1409698141097,20,243,1171.639010989011,-2.4980411749013456
short_gap_interpolation,test,2023,1182.5197802197802,20,243,1171.639010989011,10.880769230769147
zero_missing,test,2023,1084.4,20,243,1171.639010989011,-87.23901098901092
daily_climatology,test,2024,873.3788240680888,212,242,873.3788240680888,0.0
monthly_climatology,test,2024,877.6214547087034,212,242,873.3788240680888,4.242630640614607
short_gap_interpolation,test,2024,945.602524939522,212,242,873.3788240680888,72.22370087143327
zero_missing,test,2024,43.0,212,242,873.3788240680888,-830.3788240680888
daily_climatology,test,2025,936.318836996337,241,242,936.318836996337,0.0
monthly_climatology,test,2025,933.3961934339819,241,242,936.318836996337,-2.9226435623551197
short_gap_interpolation,test,2025,924.346175554507,241,242,936.318836996337,-11.972661441830041
zero_missing,test,2025,0.4,241,242,936.318836996337,-935.9188369963371
