source,split,strategy,scenarios,policies,mean_abs_delta_window_rain_mm,max_abs_delta_window_rain_mm,mean_recorded_irrigation_mm
constructed_baseline,test,monthly_climatology,4,4,4.61037525083923,8.412467646598202,23.625
constructed_baseline,test,short_gap_interpolation,4,4,19.6482556465547,72.53791915566319,23.625
constructed_baseline,test,zero_missing,4,4,466.551289794764,654.1260768153415,23.625
constructed_baseline,valid,monthly_climatology,4,4,2.736508152781589,9.690857732087125,15.75
constructed_baseline,valid,short_gap_interpolation,4,4,4.466668273106606,13.277259464775398,15.75
constructed_baseline,valid,zero_missing,4,4,197.83384945324283,654.1260768153415,15.75
ppo_policy,test,monthly_climatology,4,1,3.349359164102509,5.336587498242466,0.0
ppo_policy,test,short_gap_interpolation,4,1,16.385391176397206,21.53051341950595,0.0
ppo_policy,test,zero_missing,4,1,493.4983795248869,653.0172856065502,0.0
ppo_policy,valid,monthly_climatology,4,1,2.589140211866578,5.336587498242466,0.0
ppo_policy,valid,short_gap_interpolation,4,1,6.605521381083264,13.512546400062206,0.0
ppo_policy,valid,zero_missing,4,1,194.07849722581338,653.0172856065502,0.0
