source,split,year,policy,strategy,planting_date,window_end,rain_window_mm,recorded_irrigation_mm,rain_window_daily_climatology_mm,delta_vs_daily_climatology_mm
constructed_baseline,valid,2018,early_sep25_moderate_irrig,daily_climatology,2018-09-25,2019-02-21,759.0,18.0,759.0,0.0
constructed_baseline,valid,2018,early_sep25_moderate_irrig,monthly_climatology,2018-09-25,2019-02-21,759.0,18.0,759.0,0.0
constructed_baseline,valid,2018,early_sep25_moderate_irrig,short_gap_interpolation,2018-09-25,2019-02-21,759.0,18.0,759.0,0.0
constructed_baseline,valid,2018,early_sep25_moderate_irrig,zero_missing,2018-09-25,2019-02-21,759.0,18.0,759.0,0.0
constructed_baseline,valid,2018,fixed_calendar_oct15_moderate_irrig,daily_climatology,2018-10-15,2019-03-13,851.0,36.0,851.0,0.0
constructed_baseline,valid,2018,fixed_calendar_oct15_moderate_irrig,monthly_climatology,2018-10-15,2019-03-13,851.0,36.0,851.0,0.0
constructed_baseline,valid,2018,fixed_calendar_oct15_moderate_irrig,short_gap_interpolation,2018-10-15,2019-03-13,851.0,36.0,851.0,0.0
constructed_baseline,valid,2018,fixed_calendar_oct15_moderate_irrig,zero_missing,2018-10-15,2019-03-13,851.0,36.0,851.0,0.0
constructed_baseline,valid,2018,late_nov10_moderate_irrig,daily_climatology,2018-11-10,2019-04-08,836.8,18.0,836.8,0.0
constructed_baseline,valid,2018,late_nov10_moderate_irrig,monthly_climatology,2018-11-10,2019-04-08,836.8,18.0,836.8,0.0
constructed_baseline,valid,2018,late_nov10_moderate_irrig,short_gap_interpolation,2018-11-10,2019-04-08,836.8,18.0,836.8,0.0
constructed_baseline,valid,2018,late_nov10_moderate_irrig,zero_missing,2018-11-10,2019-04-08,836.8,18.0,836.8,0.0
constructed_baseline,valid,2018,rainfed_calendar_oct15,daily_climatology,2018-10-15,2019-03-13,851.0,0.0,851.0,0.0
constructed_baseline,valid,2018,rainfed_calendar_oct15,monthly_climatology,2018-10-15,2019-03-13,851.0,0.0,851.0,0.0
constructed_baseline,valid,2018,rainfed_calendar_oct15,short_gap_interpolation,2018-10-15,2019-03-13,851.0,0.0,851.0,0.0
constructed_baseline,valid,2018,rainfed_calendar_oct15,zero_missing,2018-10-15,2019-03-13,851.0,0.0,851.0,0.0
constructed_baseline,valid,2019,early_sep25_moderate_irrig,daily_climatology,2019-09-25,2020-02-21,577.4,18.0,577.4,0.0
constructed_baseline,valid,2019,early_sep25_moderate_irrig,monthly_climatology,2019-09-25,2020-02-21,577.4,18.0,577.4,0.0
constructed_baseline,valid,2019,early_sep25_moderate_irrig,short_gap_interpolation,2019-09-25,2020-02-21,577.4,18.0,577.4,0.0
constructed_baseline,valid,2019,early_sep25_moderate_irrig,zero_missing,2019-09-25,2020-02-21,577.4,18.0,577.4,0.0
constructed_baseline,valid,2019,fixed_calendar_oct15_moderate_irrig,daily_climatology,2019-10-15,2020-03-12,560.6,72.0,560.6,0.0
constructed_baseline,valid,2019,fixed_calendar_oct15_moderate_irrig,monthly_climatology,2019-10-15,2020-03-12,560.6,72.0,560.6,0.0
constructed_baseline,valid,2019,fixed_calendar_oct15_moderate_irrig,short_gap_interpolation,2019-10-15,2020-03-12,560.6,72.0,560.6,0.0
constructed_baseline,valid,2019,fixed_calendar_oct15_moderate_irrig,zero_missing,2019-10-15,2020-03-12,560.6,72.0,560.6,0.0
constructed_baseline,valid,2019,late_nov10_moderate_irrig,daily_climatology,2019-11-10,2020-04-07,562.0,90.0,562.0,0.0
constructed_baseline,valid,2019,late_nov10_moderate_irrig,monthly_climatology,2019-11-10,2020-04-07,562.0,90.0,562.0,0.0
constructed_baseline,valid,2019,late_nov10_moderate_irrig,short_gap_interpolation,2019-11-10,2020-04-07,562.0,90.0,562.0,0.0
constructed_baseline,valid,2019,late_nov10_moderate_irrig,zero_missing,2019-11-10,2020-04-07,562.0,90.0,562.0,0.0
constructed_baseline,valid,2019,rainfed_calendar_oct15,daily_climatology,2019-10-15,2020-03-12,560.6,0.0,560.6,0.0
constructed_baseline,valid,2019,rainfed_calendar_oct15,monthly_climatology,2019-10-15,2020-03-12,560.6,0.0,560.6,0.0
constructed_baseline,valid,2019,rainfed_calendar_oct15,short_gap_interpolation,2019-10-15,2020-03-12,560.6,0.0,560.6,0.0
constructed_baseline,valid,2019,rainfed_calendar_oct15,zero_missing,2019-10-15,2020-03-12,560.6,0.0,560.6,0.0
constructed_baseline,valid,2020,early_sep25_moderate_irrig,daily_climatology,2020-09-25,2021-02-21,679.7384615384615,0.0,679.7384615384615,0.0
constructed_baseline,valid,2020,early_sep25_moderate_irrig,monthly_climatology,2020-09-25,2021-02-21,686.9339468409132,0.0,679.7384615384615,7.195485302451743
constructed_baseline,valid,2020,early_sep25_moderate_irrig,short_gap_interpolation,2020-09-25,2021-02-21,667.2534645387328,0.0,679.7384615384615,-12.48499699972865
constructed_baseline,valid,2020,early_sep25_moderate_irrig,zero_missing,2020-09-25,2021-02-21,581.2,0.0,679.7384615384615,-98.53846153846143
constructed_baseline,valid,2020,fixed_calendar_oct15_moderate_irrig,daily_climatology,2020-10-15,2021-03-13,694.1648351648352,0.0,694.1648351648352,0.0
constructed_baseline,valid,2020,fixed_calendar_oct15_moderate_irrig,monthly_climatology,2020-10-15,2021-03-13,696.2274416909488,0.0,694.1648351648352,2.0626065261136546
constructed_baseline,valid,2020,fixed_calendar_oct15_moderate_irrig,short_gap_interpolation,2020-10-15,2021-03-13,685.3726215476142,0.0,694.1648351648352,-8.79221361722091
constructed_baseline,valid,2020,fixed_calendar_oct15_moderate_irrig,zero_missing,2020-10-15,2021-03-13,528.4,0.0,694.1648351648352,-165.76483516483518
constructed_baseline,valid,2020,late_nov10_moderate_irrig,daily_climatology,2020-11-10,2021-04-08,686.2868131868131,0.0,686.2868131868131,0.0
constructed_baseline,valid,2020,late_nov10_moderate_irrig,monthly_climatology,2020-11-10,2021-04-08,695.9776709189002,0.0,686.2868131868131,9.690857732087125
constructed_baseline,valid,2020,late_nov10_moderate_irrig,short_gap_interpolation,2020-11-10,2021-04-08,678.2674416099532,0.0,686.2868131868131,-8.019371576859953
constructed_baseline,valid,2020,late_nov10_moderate_irrig,zero_missing,2020-11-10,2021-04-08,452.59999999999997,0.0,686.2868131868131,-233.68681318681314
constructed_baseline,valid,2020,rainfed_calendar_oct15,daily_climatology,2020-10-15,2021-03-13,694.1648351648352,0.0,694.1648351648352,0.0
constructed_baseline,valid,2020,rainfed_calendar_oct15,monthly_climatology,2020-10-15,2021-03-13,696.2274416909488,0.0,694.1648351648352,2.0626065261136546
constructed_baseline,valid,2020,rainfed_calendar_oct15,short_gap_interpolation,2020-10-15,2021-03-13,685.3726215476142,0.0,694.1648351648352,-8.79221361722091
constructed_baseline,valid,2020,rainfed_calendar_oct15,zero_missing,2020-10-15,2021-03-13,528.4,0.0,694.1648351648352,-165.76483516483518
constructed_baseline,valid,2021,early_sep25_moderate_irrig,daily_climatology,2021-09-25,2022-02-21,654.1260768153415,0.0,654.1260768153415,0.0
constructed_baseline,valid,2021,early_sep25_moderate_irrig,monthly_climatology,2021-09-25,2022-02-21,653.2182774330549,0.0,654.1260768153415,-0.9077993822866119
constructed_baseline,valid,2021,early_sep25_moderate_irrig,short_gap_interpolation,2021-09-25,2022-02-21,640.8488173505662,0.0,654.1260768153415,-13.277259464775398
constructed_baseline,valid,2021,early_sep25_moderate_irrig,zero_missing,2021-09-25,2022-02-21,0.0,0.0,654.1260768153415,-654.1260768153415
constructed_baseline,valid,2021,fixed_calendar_oct15_moderate_irrig,daily_climatology,2021-10-15,2022-03-13,630.0051976944624,0.0,630.0051976944624,0.0
constructed_baseline,valid,2021,fixed_calendar_oct15_moderate_irrig,monthly_climatology,2021-10-15,2022-03-13,623.2790440300352,0.0,630.0051976944624,-6.7261536644272155
constructed_baseline,valid,2021,fixed_calendar_oct15_moderate_irrig,short_gap_interpolation,2021-10-15,2022-03-13,621.7751172165906,0.0,630.0051976944624,-8.230080477871752
constructed_baseline,valid,2021,fixed_calendar_oct15_moderate_irrig,zero_missing,2021-10-15,2022-03-13,0.0,0.0,630.0051976944624,-630.0051976944624
constructed_baseline,valid,2021,late_nov10_moderate_irrig,daily_climatology,2021-11-10,2022-04-08,587.450173992674,0.0,587.450173992674,0.0
constructed_baseline,valid,2021,late_nov10_moderate_irrig,monthly_climatology,2021-11-10,2022-04-08,579.0377063460758,0.0,587.450173992674,-8.412467646598202
constructed_baseline,valid,2021,late_nov10_moderate_irrig,short_gap_interpolation,2021-11-10,2022-04-08,583.8096978545176,0.0,587.450173992674,-3.640476138156373
constructed_baseline,valid,2021,late_nov10_moderate_irrig,zero_missing,2021-11-10,2022-04-08,0.0,0.0,587.450173992674,-587.450173992674
constructed_baseline,valid,2021,rainfed_calendar_oct15,daily_climatology,2021-10-15,2022-03-13,630.0051976944624,0.0,630.0051976944624,0.0
constructed_baseline,valid,2021,rainfed_calendar_oct15,monthly_climatology,2021-10-15,2022-03-13,623.2790440300352,0.0,630.0051976944624,-6.7261536644272155
constructed_baseline,valid,2021,rainfed_calendar_oct15,short_gap_interpolation,2021-10-15,2022-03-13,621.7751172165906,0.0,630.0051976944624,-8.230080477871752
constructed_baseline,valid,2021,rainfed_calendar_oct15,zero_missing,2021-10-15,2022-03-13,0.0,0.0,630.0051976944624,-630.0051976944624
constructed_baseline,test,2022,early_sep25_moderate_irrig,daily_climatology,2022-09-25,2023-02-21,654.1260768153415,0.0,654.1260768153415,0.0
constructed_baseline,test,2022,early_sep25_moderate_irrig,monthly_climatology,2022-09-25,2023-02-21,653.2182774330549,0.0,654.1260768153415,-0.9077993822866119
constructed_baseline,test,2022,early_sep25_moderate_irrig,short_gap_interpolation,2022-09-25,2023-02-21,640.8488173505662,0.0,654.1260768153415,-13.277259464775398
constructed_baseline,test,2022,early_sep25_moderate_irrig,zero_missing,2022-09-25,2023-02-21,0.0,0.0,654.1260768153415,-654.1260768153415
constructed_baseline,test,2022,fixed_calendar_oct15_moderate_irrig,daily_climatology,2022-10-15,2023-03-13,630.0051976944624,0.0,630.0051976944624,0.0
constructed_baseline,test,2022,fixed_calendar_oct15_moderate_irrig,monthly_climatology,2022-10-15,2023-03-13,623.2790440300352,0.0,630.0051976944624,-6.7261536644272155
constructed_baseline,test,2022,fixed_calendar_oct15_moderate_irrig,short_gap_interpolation,2022-10-15,2023-03-13,621.7751172165906,0.0,630.0051976944624,-8.230080477871752
constructed_baseline,test,2022,fixed_calendar_oct15_moderate_irrig,zero_missing,2022-10-15,2023-03-13,0.0,0.0,630.0051976944624,-630.0051976944624
constructed_baseline,test,2022,late_nov10_moderate_irrig,daily_climatology,2022-11-10,2023-04-08,587.450173992674,0.0,587.450173992674,0.0
constructed_baseline,test,2022,late_nov10_moderate_irrig,monthly_climatology,2022-11-10,2023-04-08,579.0377063460758,0.0,587.450173992674,-8.412467646598202
constructed_baseline,test,2022,late_nov10_moderate_irrig,short_gap_interpolation,2022-11-10,2023-04-08,583.8096978545176,0.0,587.450173992674,-3.640476138156373
constructed_baseline,test,2022,late_nov10_moderate_irrig,zero_missing,2022-11-10,2023-04-08,0.0,0.0,587.450173992674,-587.450173992674
constructed_baseline,test,2022,rainfed_calendar_oct15,daily_climatology,2022-10-15,2023-03-13,630.0051976944624,0.0,630.0051976944624,0.0
constructed_baseline,test,2022,rainfed_calendar_oct15,monthly_climatology,2022-10-15,2023-03-13,623.2790440300352,0.0,630.0051976944624,-6.7261536644272155
constructed_baseline,test,2022,rainfed_calendar_oct15,short_gap_interpolation,2022-10-15,2023-03-13,621.7751172165906,0.0,630.0051976944624,-8.230080477871752
constructed_baseline,test,2022,rainfed_calendar_oct15,zero_missing,2022-10-15,2023-03-13,0.0,0.0,630.0051976944624,-630.0051976944624
constructed_baseline,test,2023,early_sep25_moderate_irrig,daily_climatology,2023-09-25,2024-02-21,869.2236263736264,54.0,869.2236263736264,0.0
constructed_baseline,test,2023,early_sep25_moderate_irrig,monthly_climatology,2023-09-25,2024-02-21,861.0858166107669,54.0,869.2236263736264,-8.137809762859547
constructed_baseline,test,2023,early_sep25_moderate_irrig,short_gap_interpolation,2023-09-25,2024-02-21,886.0479853479856,54.0,869.2236263736264,16.824358974359143
constructed_baseline,test,2023,early_sep25_moderate_irrig,zero_missing,2023-09-25,2024-02-21,791.4000000000001,54.0,869.2236263736264,-77.82362637362633
constructed_baseline,test,2023,fixed_calendar_oct15_moderate_irrig,daily_climatology,2023-10-15,2024-03-12,703.039010989011,72.0,703.039010989011,0.0
constructed_baseline,test,2023,fixed_calendar_oct15_moderate_irrig,monthly_climatology,2023-10-15,2024-03-12,700.5409698141095,72.0,703.039010989011,-2.4980411749014593
constructed_baseline,test,2023,fixed_calendar_oct15_moderate_irrig,short_gap_interpolation,2023-10-15,2024-03-12,713.9197802197803,72.0,703.039010989011,10.88076923076926
constructed_baseline,test,2023,fixed_calendar_oct15_moderate_irrig,zero_missing,2023-10-15,2024-03-12,615.8,72.0,703.039010989011,-87.23901098901104
constructed_baseline,test,2023,late_nov10_moderate_irrig,daily_climatology,2023-11-10,2024-04-07,484.839010989011,90.0,484.839010989011,0.0
constructed_baseline,test,2023,late_nov10_moderate_irrig,monthly_climatology,2023-11-10,2024-04-07,482.3409698141095,90.0,484.839010989011,-2.498041174901516
constructed_baseline,test,2023,late_nov10_moderate_irrig,short_gap_interpolation,2023-11-10,2024-04-07,495.7197802197802,90.0,484.839010989011,10.880769230769204
constructed_baseline,test,2023,late_nov10_moderate_irrig,zero_missing,2023-11-10,2024-04-07,397.6,90.0,484.839010989011,-87.23901098901098
constructed_baseline,test,2023,rainfed_calendar_oct15,daily_climatology,2023-10-15,2024-03-12,703.039010989011,0.0,703.039010989011,0.0
constructed_baseline,test,2023,rainfed_calendar_oct15,monthly_climatology,2023-10-15,2024-03-12,700.5409698141095,0.0,703.039010989011,-2.4980411749014593
constructed_baseline,test,2023,rainfed_calendar_oct15,short_gap_interpolation,2023-10-15,2024-03-12,713.9197802197803,0.0,703.039010989011,10.88076923076926
constructed_baseline,test,2023,rainfed_calendar_oct15,zero_missing,2023-10-15,2024-03-12,615.8,0.0,703.039010989011,-87.23901098901104
constructed_baseline,test,2024,early_sep25_moderate_irrig,daily_climatology,2024-09-25,2025-02-21,611.4678350570997,18.0,611.4678350570997,0.0
constructed_baseline,test,2024,early_sep25_moderate_irrig,monthly_climatology,2024-09-25,2025-02-21,608.0528178230271,18.0,611.4678350570997,-3.415017234072593
constructed_baseline,test,2024,early_sep25_moderate_irrig,short_gap_interpolation,2024-09-25,2025-02-21,591.4429565447053,18.0,611.4678350570997,-20.024878512394366
constructed_baseline,test,2024,early_sep25_moderate_irrig,zero_missing,2024-09-25,2025-02-21,0.0,18.0,611.4678350570997,-611.4678350570997
constructed_baseline,test,2024,fixed_calendar_oct15_moderate_irrig,daily_climatology,2024-10-15,2025-03-13,562.6029998922645,54.0,562.6029998922645,0.0
constructed_baseline,test,2024,fixed_calendar_oct15_moderate_irrig,monthly_climatology,2024-10-15,2025-03-13,564.5196244536926,54.0,562.6029998922645,1.9166245614280797
constructed_baseline,test,2024,fixed_calendar_oct15_moderate_irrig,short_gap_interpolation,2024-10-15,2025-03-13,603.3694658094992,54.0,562.6029998922645,40.766465917234655
constructed_baseline,test,2024,fixed_calendar_oct15_moderate_irrig,zero_missing,2024-10-15,2025-03-13,43.0,54.0,562.6029998922645,-519.6029998922645
constructed_baseline,test,2024,late_nov10_moderate_irrig,daily_climatology,2024-11-10,2025-04-08,519.7622619047619,90.0,519.7622619047619,0.0
constructed_baseline,test,2024,late_nov10_moderate_irrig,monthly_climatology,2024-11-10,2025-04-08,520.2782867697332,90.0,519.7622619047619,0.516024864971314
constructed_baseline,test,2024,late_nov10_moderate_irrig,short_gap_interpolation,2024-11-10,2025-04-08,592.3001810604251,90.0,519.7622619047619,72.53791915566319
constructed_baseline,test,2024,late_nov10_moderate_irrig,zero_missing,2024-11-10,2025-04-08,43.0,90.0,519.7622619047619,-476.7622619047619
constructed_baseline,test,2024,rainfed_calendar_oct15,daily_climatology,2024-10-15,2025-03-13,562.6029998922645,0.0,562.6029998922645,0.0
constructed_baseline,test,2024,rainfed_calendar_oct15,monthly_climatology,2024-10-15,2025-03-13,564.5196244536926,0.0,562.6029998922645,1.9166245614280797
constructed_baseline,test,2024,rainfed_calendar_oct15,short_gap_interpolation,2024-10-15,2025-03-13,603.3694658094992,0.0,562.6029998922645,40.766465917234655
constructed_baseline,test,2024,rainfed_calendar_oct15,zero_missing,2024-10-15,2025-03-13,43.0,0.0,562.6029998922645,-519.6029998922645
constructed_baseline,test,2025,early_sep25_moderate_irrig,daily_climatology,2025-09-25,2026-02-21,652.7496062271061,0.0,652.7496062271061,0.0
constructed_baseline,test,2025,early_sep25_moderate_irrig,monthly_climatology,2025-09-25,2026-02-21,650.2335965819912,0.0,652.7496062271061,-2.516009645114991
constructed_baseline,test,2025,early_sep25_moderate_irrig,short_gap_interpolation,2025-09-25,2026-02-21,631.4543797428871,0.0,652.7496062271061,-21.29522648421903
constructed_baseline,test,2025,early_sep25_moderate_irrig,zero_missing,2025-09-25,2026-02-21,0.4,0.0,652.7496062271061,-652.3496062271062
constructed_baseline,test,2025,fixed_calendar_oct15_moderate_irrig,daily_climatology,2025-10-15,2026-03-13,628.628727106227,0.0,628.628727106227,0.0
constructed_baseline,test,2025,fixed_calendar_oct15_moderate_irrig,monthly_climatology,2025-10-15,2026-03-13,620.2943631789714,0.0,628.628727106227,-8.334363927255595
constructed_baseline,test,2025,fixed_calendar_oct15_moderate_irrig,short_gap_interpolation,2025-10-15,2026-03-13,612.3806796089116,0.0,628.628727106227,-16.248047497315383
constructed_baseline,test,2025,fixed_calendar_oct15_moderate_irrig,zero_missing,2025-10-15,2026-03-13,0.4,0.0,628.628727106227,-628.228727106227
constructed_baseline,test,2025,late_nov10_moderate_irrig,daily_climatology,2025-11-10,2026-04-08,587.450173992674,0.0,587.450173992674,0.0
constructed_baseline,test,2025,late_nov10_moderate_irrig,monthly_climatology,2025-11-10,2026-04-08,579.0377063460758,0.0,587.450173992674,-8.412467646598202
constructed_baseline,test,2025,late_nov10_moderate_irrig,short_gap_interpolation,2025-11-10,2026-04-08,583.8096978545176,0.0,587.450173992674,-3.640476138156373
constructed_baseline,test,2025,late_nov10_moderate_irrig,zero_missing,2025-11-10,2026-04-08,0.0,0.0,587.450173992674,-587.450173992674
constructed_baseline,test,2025,rainfed_calendar_oct15,daily_climatology,2025-10-15,2026-03-13,628.628727106227,0.0,628.628727106227,0.0
constructed_baseline,test,2025,rainfed_calendar_oct15,monthly_climatology,2025-10-15,2026-03-13,620.2943631789714,0.0,628.628727106227,-8.334363927255595
constructed_baseline,test,2025,rainfed_calendar_oct15,short_gap_interpolation,2025-10-15,2026-03-13,612.3806796089116,0.0,628.628727106227,-16.248047497315383
constructed_baseline,test,2025,rainfed_calendar_oct15,zero_missing,2025-10-15,2026-03-13,0.4,0.0,628.628727106227,-628.228727106227
ppo_policy,valid,2018,PPO,daily_climatology,2018-09-29,2019-02-26,775.0,0.0,775.0,0.0
ppo_policy,valid,2018,PPO,monthly_climatology,2018-09-29,2019-02-26,775.0,0.0,775.0,0.0
ppo_policy,valid,2018,PPO,short_gap_interpolation,2018-09-29,2019-02-26,775.0,0.0,775.0,0.0
ppo_policy,valid,2018,PPO,zero_missing,2018-09-29,2019-02-26,775.0,0.0,775.0,0.0
ppo_policy,valid,2019,PPO,daily_climatology,2019-10-02,2020-02-29,618.6,0.0,618.6,0.0
ppo_policy,valid,2019,PPO,monthly_climatology,2019-10-02,2020-02-29,618.6,0.0,618.6,0.0
ppo_policy,valid,2019,PPO,short_gap_interpolation,2019-10-02,2020-02-29,618.6,0.0,618.6,0.0
ppo_policy,valid,2019,PPO,zero_missing,2019-10-02,2020-02-29,618.6,0.0,618.6,0.0
ppo_policy,valid,2020,PPO,daily_climatology,2020-09-30,2021-02-27,697.6967032967034,0.0,697.6967032967034,0.0
ppo_policy,valid,2020,PPO,monthly_climatology,2020-09-30,2021-02-27,702.7166766459272,0.0,697.6967032967034,5.0199733492238465
ppo_policy,valid,2020,PPO,short_gap_interpolation,2020-09-30,2021-02-27,684.7871641724325,0.0,697.6967032967034,-12.90953912427085
ppo_policy,valid,2020,PPO,zero_missing,2020-09-30,2021-02-27,574.4000000000001,0.0,697.6967032967034,-123.2967032967033
ppo_policy,valid,2021,PPO,daily_climatology,2021-09-27,2022-02-24,653.0172856065502,0.0,653.0172856065502,0.0
ppo_policy,valid,2021,PPO,monthly_climatology,2021-09-27,2022-02-24,658.3538731047927,0.0,653.0172856065502,5.336587498242466
ppo_policy,valid,2021,PPO,short_gap_interpolation,2021-09-27,2022-02-24,639.504739206488,0.0,653.0172856065502,-13.512546400062206
ppo_policy,valid,2021,PPO,zero_missing,2021-09-27,2022-02-24,0.0,0.0,653.0172856065502,-653.0172856065502
ppo_policy,test,2022,PPO,daily_climatology,2022-09-27,2023-02-24,653.0172856065502,0.0,653.0172856065502,0.0
ppo_policy,test,2022,PPO,monthly_climatology,2022-09-27,2023-02-24,658.3538731047927,0.0,653.0172856065502,5.336587498242466
ppo_policy,test,2022,PPO,short_gap_interpolation,2022-09-27,2023-02-24,639.504739206488,0.0,653.0172856065502,-13.512546400062206
ppo_policy,test,2022,PPO,zero_missing,2022-09-27,2023-02-24,0.0,0.0,653.0172856065502,-653.0172856065502
ppo_policy,test,2023,PPO,daily_climatology,2023-09-29,2024-02-26,859.8390109890111,0.0,859.8390109890111,0.0
ppo_policy,test,2023,PPO,monthly_climatology,2023-09-29,2024-02-26,857.3409698141095,0.0,859.8390109890111,-2.498041174901573
ppo_policy,test,2023,PPO,short_gap_interpolation,2023-09-29,2024-02-26,870.7197802197802,0.0,859.8390109890111,10.880769230769147
ppo_policy,test,2023,PPO,zero_missing,2023-09-29,2024-02-26,772.6,0.0,859.8390109890111,-87.23901098901104
ppo_policy,test,2024,PPO,daily_climatology,2024-10-02,2025-03-01,582.4964064856712,0.0,582.4964064856712,0.0
ppo_policy,test,2024,PPO,monthly_climatology,2024-10-02,2025-03-01,584.3308372335232,0.0,582.4964064856712,1.834430747852025
ppo_policy,test,2024,PPO,short_gap_interpolation,2024-10-02,2025-03-01,562.8786708304197,0.0,582.4964064856712,-19.617735655251522
ppo_policy,test,2024,PPO,zero_missing,2024-10-02,2025-03-01,0.0,0.0,582.4964064856712,-582.4964064856712
ppo_policy,test,2025,PPO,daily_climatology,2025-09-27,2026-02-24,651.6408150183149,0.0,651.6408150183149,0.0
ppo_policy,test,2025,PPO,monthly_climatology,2025-09-27,2026-02-24,655.3691922537289,0.0,651.6408150183149,3.728377235413973
ppo_policy,test,2025,PPO,short_gap_interpolation,2025-09-27,2026-02-24,630.110301598809,0.0,651.6408150183149,-21.53051341950595
ppo_policy,test,2025,PPO,zero_missing,2025-09-27,2026-02-24,0.4,0.0,651.6408150183149,-651.240815018315
