season,days,valid_rain_day_share,rain_station_mm,rain_power_mm
2006,242,0.9793388429752066,758.7961538461539,1087.52
2007,243,0.9753086419753086,380.94564102564107,996.3600000000001
2008,242,1.0,1004.1999999999999,823.15
2009,242,0.9917355371900827,919.4384615384615,1693.66
2010,242,1.0,1270.8000000000002,1226.22
2011,243,1.0,1068.8,1022.74
2012,242,0.71900826446281,963.8042857142857,1052.0099999999998
2013,242,0.8760330578512396,658.5725274725276,902.3
2014,242,0.5041322314049587,832.3384615384616,1035.06
2015,243,0.5473251028806584,885.2242857142858,1331.1399999999999
2016,242,0.7479338842975206,1077.2997069597072,979.53
2017,242,1.0,1244.2,1312.2400000000002
2018,242,1.0,1217.8,1060.2199999999998
2019,243,1.0,746.0,717.05
2020,242,0.6074380165289256,891.0021978021978,699.4300000000001
2021,242,0.0,937.6953075845722,916.71
2022,242,0.0,937.6953075845722,1073.0
2023,243,0.9176954732510288,1171.639010989011,1050.3600000000001
2024,242,0.12396694214876033,873.3788240680888,891.0899999999999
2025,242,0.004132231404958678,936.318836996337,760.3699999999999
