variable,year,valid_station_days,bias_station_minus_power
rain,2006,171,-0.12286549707602332
rain,2007,347,-2.3224495677233428
rain,2008,352,-0.4939204545454547
rain,2009,361,-0.06077562326869806
rain,2010,362,-1.9869060773480667
rain,2011,365,0.11167123287671228
rain,2012,346,0.3971098265895955
rain,2013,317,0.028454258675078985
rain,2014,243,-1.1088065843621397
rain,2015,270,-1.0768148148148147
rain,2016,139,-0.2825179856115108
rain,2017,365,0.5045479452054795
rain,2018,365,-0.40342465753424656
rain,2019,365,0.6652602739726028
rain,2020,366,0.07740437158469946
rain,2021,25,2.2724
rain,2022,0,
rain,2023,138,0.5443478260869565
rain,2024,221,0.0007239819004525295
rain,2025,31,-1.0161290322580647
rain,2026,0,
tmax,2006,171,-1.537017543859649
tmax,2007,347,-0.6009510086455332
tmax,2008,352,-0.814659090909091
tmax,2009,361,-0.6764542936288088
tmax,2010,362,0.36303867403314916
tmax,2011,365,0.314109589041096
tmax,2012,346,-0.17393063583815016
tmax,2013,340,-0.053029411764705804
tmax,2014,365,-0.20632876712328752
tmax,2015,355,0.005436619718309838
tmax,2016,292,0.1488356164383559
tmax,2017,365,0.11260273972602745
tmax,2018,365,-0.05369863013698629
tmax,2019,365,-0.5738904109589041
tmax,2020,366,-0.9660109289617484
tmax,2021,25,-1.88
tmax,2022,0,
tmax,2023,138,-1.514130434782609
tmax,2024,221,-1.317285067873303
tmax,2025,31,-1.624193548387097
tmax,2026,0,
tmin,2006,171,-0.8265497076023393
tmin,2007,347,-0.7027377521613832
tmin,2008,352,-0.5922727272727272
tmin,2009,361,-0.32493074792243776
tmin,2010,362,-0.4273480662983425
tmin,2011,365,-0.4301917808219178
tmin,2012,346,-0.5249421965317919
tmin,2013,340,-0.14847058823529416
tmin,2014,365,-0.5116712328767123
tmin,2015,355,-0.37997183098591547
tmin,2016,292,-0.27390410958904104
tmin,2017,365,-0.5528219178082191
tmin,2018,365,-0.6012054794520548
tmin,2019,365,-0.6707945205479452
tmin,2020,366,-0.9277868852459016
tmin,2021,25,0.21119999999999983
tmin,2022,0,
tmin,2023,138,-0.46246376811594203
tmin,2024,221,-1.1285972850678732
tmin,2025,31,-0.6835483870967742
tmin,2026,0,
temp_mean,2006,171,-1.3787431523472713
temp_mean,2007,347,-0.9510425463940061
temp_mean,2008,352,-1.0141206444712887
temp_mean,2009,361,-0.8172311212814645
temp_mean,2010,362,-0.436251739626109
temp_mean,2011,365,-0.5602877137752065
temp_mean,2012,346,-0.7603613531303642
temp_mean,2013,340,-0.5514664746905626
temp_mean,2014,365,-0.7889811395672028
temp_mean,2015,355,-0.688226244018441
temp_mean,2016,292,-0.5928852739726027
temp_mean,2017,365,-0.7156555489378599
temp_mean,2018,365,-0.850282211633909
temp_mean,2019,365,-1.0523978558665872
temp_mean,2020,366,-1.2443110002375861
temp_mean,2021,25,-1.4435782106782107
temp_mean,2022,0,
temp_mean,2023,138,-1.4116579649535326
temp_mean,2024,221,-1.394670774664381
temp_mean,2025,31,-1.72568072530555
temp_mean,2026,0,
srad,2006,174,-1.4055132183908043
srad,2007,361,-1.2071914127423824
srad,2008,364,-1.4592848901098903
srad,2009,364,-1.2578359890109887
srad,2010,364,-1.3122876373626373
srad,2011,365,-1.7509695890410961
srad,2012,362,-2.1981513812154696
srad,2013,361,-2.3803141274238224
srad,2014,365,-1.7934079452054796
srad,2015,361,-1.5706047091412738
srad,2016,339,-3.5232147492625367
srad,2017,365,-4.4484320547945195
srad,2018,365,-6.199434794520548
srad,2019,365,-6.1762035616438355
srad,2020,366,-2.4838215846994536
srad,2021,28,-4.430242857142856
srad,2022,0,
srad,2023,142,-0.9057301173878978
srad,2024,227,-0.8560784140969162
srad,2025,33,-1.649751515151515
srad,2026,0,
