split,year,policy,yield_kg_ha,irrigation_mm,reward
test,2021,rainfed_calendar_oct15,4206.0,0.0,1.0014285714285711
test,2021,fixed_calendar_oct15_moderate_irrig,6308.0,120.0,1.321904761904762
test,2021,early_sep25_moderate_irrig,6108.0,120.0,1.2742857142857142
test,2021,late_nov10_moderate_irrig,5983.0,120.0,1.2445238095238096
test,2022,rainfed_calendar_oct15,5780.0,0.0,1.3761904761904762
test,2022,fixed_calendar_oct15_moderate_irrig,5780.0,54.0,1.2951904761904762
test,2022,early_sep25_moderate_irrig,6215.0,54.0,1.3987619047619049
test,2022,late_nov10_moderate_irrig,5528.0,72.0,1.208190476190476
test,2023,rainfed_calendar_oct15,3229.0,0.0,0.7688095238095238
test,2023,fixed_calendar_oct15_moderate_irrig,5449.0,120.0,1.1173809523809524
test,2023,early_sep25_moderate_irrig,5399.0,120.0,1.1054761904761905
test,2023,late_nov10_moderate_irrig,5427.0,120.0,1.112142857142857
test,2024,rainfed_calendar_oct15,5566.0,0.0,1.325238095238095
test,2024,fixed_calendar_oct15_moderate_irrig,5640.0,120.0,1.1628571428571428
test,2024,early_sep25_moderate_irrig,5850.0,90.0,1.2578571428571428
test,2024,late_nov10_moderate_irrig,5884.0,120.0,1.220952380952381
valid,2016,rainfed_calendar_oct15,6024.0,0.0,1.4342857142857144
valid,2016,fixed_calendar_oct15_moderate_irrig,6024.0,18.0,1.4072857142857145
valid,2016,early_sep25_moderate_irrig,5946.0,18.0,1.3887142857142858
valid,2016,late_nov10_moderate_irrig,5697.0,36.0,1.3024285714285715
valid,2017,rainfed_calendar_oct15,5853.0,0.0,1.3935714285714285
valid,2017,fixed_calendar_oct15_moderate_irrig,5857.0,36.0,1.3405238095238097
valid,2017,early_sep25_moderate_irrig,5487.0,36.0,1.2524285714285714
valid,2017,late_nov10_moderate_irrig,5392.0,54.0,1.2028095238095238
valid,2018,rainfed_calendar_oct15,4847.0,0.0,1.154047619047619
valid,2018,fixed_calendar_oct15_moderate_irrig,6170.0,120.0,1.2890476190476192
valid,2018,early_sep25_moderate_irrig,5747.0,120.0,1.1883333333333337
valid,2018,late_nov10_moderate_irrig,5568.0,108.0,1.1637142857142857
valid,2019,rainfed_calendar_oct15,5408.0,0.0,1.2876190476190477
valid,2019,fixed_calendar_oct15_moderate_irrig,5729.0,120.0,1.184047619047619
valid,2019,early_sep25_moderate_irrig,5468.0,120.0,1.121904761904762
valid,2019,late_nov10_moderate_irrig,5689.0,120.0,1.1745238095238095
valid,2020,rainfed_calendar_oct15,5982.0,0.0,1.4242857142857144
valid,2020,fixed_calendar_oct15_moderate_irrig,6019.0,120.0,1.2530952380952385
valid,2020,early_sep25_moderate_irrig,5676.0,120.0,1.1714285714285717
valid,2020,late_nov10_moderate_irrig,5640.0,120.0,1.1628571428571428
test,2021,ppo_policy,5521.0,80.0,1.1945238095238095
test,2022,ppo_policy,5791.0,0.0,1.3788095238095237
test,2023,ppo_policy,5189.0,108.5,1.0727261904761904
test,2024,ppo_policy,5546.0,0.0,1.3204761904761906
valid,2016,ppo_policy,6111.0,0.0,1.455
valid,2017,ppo_policy,6001.0,0.0,1.4288095238095238
valid,2018,ppo_policy,5853.0,48.0,1.3215714285714284
valid,2019,ppo_policy,5369.0,15.0,1.2558333333333334
valid,2020,ppo_policy,6177.0,40.0,1.4107142857142856
