year,rain_30d,rain_90d,temp_30d,srad_90d,oni_mjj,oni_mjj_minus_fma,n_features_outside_training_range,distance_nearest_training_season,block
2006,-0.27470595,-1.752582,-0.01949482,1.7109915,0.05803082,0.6045169,0,2.0091655254364014,train
2007,-1.1628035,-0.93933403,0.49930173,1.0209016,-0.79308784,-0.45230818,0,2.0091655254364014,train
2008,1.425195,-0.3637961,1.0373912,0.4418422,-1.0638983,0.77075905,0,2.482652187347412,train
2009,0.8486173,0.9756661,-0.026486466,-0.35121953,0.6576826,1.0201223,0,1.3759076595306396,train
2010,-0.8665556,-0.9106664,-1.7574627,0.3419272,-1.1606164,-1.8178687,0,2.764490842819214,train
2011,1.9767412,1.9698042,-0.4963503,-0.28476542,-0.59965175,0.47389808,0,2.0893568992614746,train
2012,-0.9947851,0.2050703,1.3183451,0.024393803,0.23212327,0.580768,0,1.9662072658538818,train
2013,-0.86517084,1.085287,-1.1148888,-0.12896426,-0.54162097,-0.19107051,0,2.2039241790771484,train
2014,0.20295607,-0.033515036,-0.16808294,-0.13414182,0.5609646,0.40265146,0,1.3759076595306396,train
2015,-0.55793715,-0.07591074,1.6016748,-0.097550415,2.5340123,0.6757636,0,2.38173246383667,train
2016,0.2684491,-0.1600236,-0.87394047,-2.5434122,0.116061635,-2.067232,0,3.55265736579895,train
2017,1.32867,-0.060141522,0.43328375,-4.160274,0.87046224,0.2126604,1,3.3502464294433594,valid
2018,-0.21229914,-1.2686472,-1.1828446,-5.2394176,0.23212327,0.7113869,1,4.069180011749268,valid
2019,-0.31791076,-1.6657481,-0.76852894,-5.236259,1.121929,-0.41668487,1,3.6891238689422607,valid
2020,3.3016868,0.39000192,-0.44940317,-0.71179885,-0.3288413,-0.93916017,1,2.5506646633148193,valid
2021,0.20295607,-0.17235872,7.47482,-1.255891,-0.46424654,0.4501492,1,6.451383113861084,test
2022,0.20295607,-0.17235872,4.260297,-1.8678073,-1.3927395,0.058292698,2,4.0897064208984375,test
2023,-0.3316397,-0.30409774,0.7319501,-1.7938737,1.7409245,0.98449904,0,2.1122307777404785,test
2024,-0.22807229,-1.1500698,-1.6744963,1.0274037,0.54162097,-1.2716445,0,2.0341360569000244,test
