year,rainfed_sowing_range_kg_ha,best_rainfed_kg_ha,best_any_kg_ha,irrigation_gain_kg_ha
2006,3932.0,5367.0,5367.0,0.0
2007,1887.0,2795.0,5615.0,2820.0
2008,880.0,5280.0,5300.0,20.0
2009,3924.0,5038.0,5100.0,62.0
2010,1765.0,5428.0,5428.0,0.0
2011,1112.0,6004.0,6004.0,0.0
2012,1051.0,4228.0,4228.0,0.0
2013,1372.0,3659.0,6091.0,2432.0
2014,2126.0,5178.0,5644.0,466.0
2015,1264.0,4969.0,4969.0,0.0
2016,1398.0,5381.0,5381.0,0.0
2017,1665.0,5089.0,5100.0,11.0
2018,2158.0,5449.0,5449.0,0.0
2019,2036.0,5200.0,5200.0,0.0
2020,1226.0,5194.0,5194.0,0.0
