split,seed,sowing_doy_sd,irrigated_share,trigger_at_bound,depth_below_event_min
test,42,34.41293361513953,0.0,0.0,0.0
test,43,35.04639781775011,0.25,0.0,0.0
test,44,40.14453055315672,0.0,0.0,0.0
test,45,37.67404057614916,0.25,0.0,0.0
test,46,35.27392804891454,0.5,0.0,0.0
train,42,10.620734437881403,0.45454545454545453,0.0,0.0
train,43,20.572267298919236,0.5454545454545454,0.0,0.0
train,44,17.597520486498297,0.45454545454545453,0.0,0.0
train,45,19.345659602467563,0.5454545454545454,0.0,0.0
train,46,19.206059649827377,0.6363636363636364,0.0,0.0
valid,42,11.146748404803978,0.0,0.0,0.0
valid,43,6.0,0.0,0.0,0.0
valid,44,6.994045086119096,0.0,0.0,0.0
valid,45,9.17877987534291,0.0,0.0,0.0
valid,46,5.744562646538029,0.0,0.0,0.0
